Name,Hyperlink,Relations
Abandoned Jerrys,https://rickandmorty.fandom.com/wiki/Abandoned_Jerrys,['Jerry Smith']
Abrodolph Lincoler,https://rickandmorty.fandom.com/wiki/Abrodolph_Lincoler,"['Rick Sanchez', 'Brad', 'Morty Smith', 'Nancy']"
Adam,https://rickandmorty.fandom.com/wiki/Adam,[]
Adjudicator Rick,https://rickandmorty.fandom.com/wiki/Adjudicator_Rick,['Evil Morty']
Afro Rick,https://rickandmorty.fandom.com/wiki/Afro_Rick,"['Rick Sanchez', 'Morty Smith', 'Council of Ricks', 'Alien Rick', 'Juggling Rick', 'Western Rick', 'Evil Morty']"
Agent Gribbles,https://rickandmorty.fandom.com/wiki/Agent_Gribbles,"['Gromflomites', 'Rick Sanchez', 'Jerry Smith']"
Alan Rails,https://rickandmorty.fandom.com/wiki/Alan_Rails,"['Supernova', 'Million Ants']"
Albert Einstein,https://rickandmorty.fandom.com/wiki/Albert_Einstein,"['Rick Sanchez', 'Morty Smith', 'Shleemypants']"
Alexander,https://rickandmorty.fandom.com/wiki/Alexander,"['Dr. Xenon Bloom', 'Ruben', 'Poncho', 'Morty Smith', 'Rick Sanchez']"
Alien Googah,https://rickandmorty.fandom.com/wiki/Alien_Googah,"['The President', 'Rick Sanchez', 'Morty Smith']"
Alien Morty,https://rickandmorty.fandom.com/wiki/Alien_Morty,"['Alien Rick', 'Morty Smith']"
Alien Rick,https://rickandmorty.fandom.com/wiki/Alien_Rick,"['Alien Morty', 'Rick Sanchez', 'Council of Ricks', 'Afro Rick', 'Morty Smith']"
Alyson Hannigan,https://rickandmorty.fandom.com/wiki/Alyson_Hannigan,"['Morty Smith', 'Summer Smith', 'Bruce Chutback', 'Space Cruiser']"
Amfiddians,https://rickandmorty.fandom.com/wiki/Amfiddians,"['Morty Smith', 'Birdperson', 'Tammy Guterman']"
Amish Cyborg,https://rickandmorty.fandom.com/wiki/Amish_Cyborg,"['Memory Parasites', 'Hamurai']"
Annie,https://rickandmorty.fandom.com/wiki/Annie,"['Morty Smith', 'Ruben', 'Dr. Xenon Bloom', 'Poncho', 'Rick Sanchez', 'Ethan', 'Diane Sanchez']"
Annika,https://rickandmorty.fandom.com/wiki/Annika,[]
Antenna Morty,https://rickandmorty.fandom.com/wiki/Antenna_Morty,"['Morty Smith', 'Evil Rick Sanchez', 'Evil Morty']"
Antenna Rick,https://rickandmorty.fandom.com/wiki/Antenna_Rick,"['Antenna Morty', 'Rick Sanchez', 'Council of Ricks', 'The Scientist Formerly Known as Rick', 'Alien Rick']"
Ants in my Eyes Johnson,https://rickandmorty.fandom.com/wiki/Ants_in_my_Eyes_Johnson,[]
Ants in my Eyes Morty,https://rickandmorty.fandom.com/wiki/Ants_in_my_Eyes_Morty,['Ants in my Eyes Johnson']
Aqua Morty,https://rickandmorty.fandom.com/wiki/Aqua_Morty,"['Aqua Rick', 'Morty Smith', 'Rick Sanchez']"
Aqua Rick,https://rickandmorty.fandom.com/wiki/Aqua_Rick,"['Aqua Morty', 'Rick Sanchez', 'Morty Smith', 'Evil Morty']"
Arcade Alien,https://rickandmorty.fandom.com/wiki/Arcade_Alien,['Rick Sanchez']
Arm Head Mutant Morty,https://rickandmorty.fandom.com/wiki/Arm_Head_Mutant_Morty,['Council of Ricks']
Armagheadon,https://rickandmorty.fandom.com/wiki/Armagheadon,"['Cromulons', 'Principal Vagina']"
Armothy,https://rickandmorty.fandom.com/wiki/Armothy,"['Morty Smith', 'Rick Sanchez', 'Jerry Smith', 'Beth Smith']"
Arthricia,https://rickandmorty.fandom.com/wiki/Arthricia,"['Morty Smith', 'Rick Sanchez', 'Katherine Heffelfinger', 'Jessica', 'Annie']"
Artist Morty,https://rickandmorty.fandom.com/wiki/Artist_Morty,['Morty Smith']
Attila Starwar,https://rickandmorty.fandom.com/wiki/Attila_Starwar,[]
Baby Legs,https://rickandmorty.fandom.com/wiki/Baby_Legs,['Regular Legs']
Baby Poopybutthole,https://rickandmorty.fandom.com/wiki/Baby_Poopybutthole,"['Mr. Poopybutthole', 'Mrs. Poopybutthole']"
Baby Wizard,https://rickandmorty.fandom.com/wiki/Baby_Wizard,"['Memory Parasites', 'Morty Smith', 'Duck with Muscles', 'Reverse Giraffe']"
Balthromaw,https://rickandmorty.fandom.com/wiki/Balthromaw,"['Morty Smith', 'Rick Sanchez', 'Summer Smith', 'Talking Cat']"
Bearded Lady,https://rickandmorty.fandom.com/wiki/Bearded_Lady,"['Memory Parasites', 'Rick Sanchez']"
Beebo,https://rickandmorty.fandom.com/wiki/Beebo,"['Rick Sanchez', 'Morty Smith']"
Benjamin,https://rickandmorty.fandom.com/wiki/Benjamin,[]
Bepisians,https://rickandmorty.fandom.com/wiki/Bepisians,"['Shrimply Pibbles', 'Jerry Smith']"
Beta-Seven,https://rickandmorty.fandom.com/wiki/Beta-Seven,"['Unity', 'Rick Sanchez']"
Beth Sanchez (C-137),https://rickandmorty.fandom.com/wiki/Beth_Sanchez_(C-137),"['Rick Sanchez', 'Diane Sanchez', ""Rick's Father"", ""Rick's Foal"", 'Morty Smith', 'Weird Rick', 'Birdperson', 'Memory Rick']"
Beth Sanchez (C-500A),https://rickandmorty.fandom.com/wiki/Beth_Sanchez_(C-500A),"['Jerry Smith (C-500A)', 'Beth Smith', 'Rick Sanchez', 'Kristen Stewart', 'Jerry Smith']"
Beth Sanchez (Simple Rick's Dimension),https://rickandmorty.fandom.com/wiki/Beth_Sanchez_(Simple_Rick%27s_Dimension),"['Simple Rick', 'Beth Sanchez (C-500A)']"
Beth Smith,https://rickandmorty.fandom.com/wiki/Beth_Smith,"['Thomas Lipnip', 'Jerry Smith', 'Summer Smith', 'Morty Smith (Replacement Dimension)', 'Morty Smith', 'Leonard Smith', 'Joyce Smith', 'Hemorrhage', 'Morty Jr.', 'Naruto Smith', 'Rick Sanchez (Replacement Dimension)', 'Rick Sanchez', 'Diane Sanchez', ""Rick's Father"", 'Sleepy Gary', 'Davin', 'Dr. Wong', 'Snuffles', 'Jerry Smith (Cronenberged dimension)', 'Summer Smith (Cronenberged dimension)', 'Jaguar', 'Mr. Poopybutthole', 'Planetina', 'Ethan', 'Poñeta']"
Beth Smith (304-X),https://rickandmorty.fandom.com/wiki/Beth_Smith_(304-X),"['Jerry Smith (304-X)', 'Summer Smith (304-X)', 'Morty Smith (304-X)', 'Beth Smith (C-132)', 'Rick Sanchez (C-132)', 'Morty Smith (C-132)', 'Morty Smith', 'Summer Smith', 'Jerry Smith']"
Beth Smith (C-132),https://rickandmorty.fandom.com/wiki/Beth_Smith_(C-132),"['Summer Smith (C-132)', 'Morty Smith (C-132)', 'Rick Sanchez (C-132)', 'Beth Smith', 'Rick Sanchez', 'Morty Smith', 'Summer Smith', 'Jerry Smith']"
Beth Smith (Evil Rick's Target Dimension),https://rickandmorty.fandom.com/wiki/Beth_Smith_(Evil_Rick%27s_Target_Dimension),"[""Jerry Smith (Evil Rick's Target Dimension)"", ""Summer Smith (Evil Rick's Target Dimension)"", ""Morty Smith (Evil Rick's Target Dimension)"", ""Rick Sanchez (Evil Rick's Target Dimension)"", 'Beth Smith', 'Evil Rick Sanchez', 'Evil Morty', 'Rick Sanchez', 'Morty Smith', 'Summer Smith', 'Jerry Smith']"
Beth's Mytholog,https://rickandmorty.fandom.com/wiki/Beth%27s_Mytholog,"['Beth Smith', ""Jerry's Mytholog"", 'Ideal Jerry', 'Goddess Beth']"
Big Boobed Waitress,https://rickandmorty.fandom.com/wiki/Big_Boobed_Waitress,"['Rick Sanchez', 'Morty Smith', 'Mr. Booby Buyer']"
Big Fat Rick,https://rickandmorty.fandom.com/wiki/Big_Fat_Rick,"['Ricardo Montoya', 'Hothead Rick', 'Little Ricky Wrap-it-up', 'Rick Sanchez']"
Big Morty,https://rickandmorty.fandom.com/wiki/Big_Morty,"['Morty Smith', 'Mortytown Locos']"
Big Morty's Bodyguard Mortys,https://rickandmorty.fandom.com/wiki/Big_Morty%27s_Bodyguard_Mortys,['Big Morty']
Big-Head Morty,https://rickandmorty.fandom.com/wiki/Big-Head_Morty,"['Morty Smith', 'Summer Smith', 'Council of Ricks']"
Bill (Dog),https://rickandmorty.fandom.com/wiki/Bill_(Dog),['Snuffles']
Birdperson,https://rickandmorty.fandom.com/wiki/Birdperson,"['Rick Sanchez', 'Tammy Guterman', 'Squanchy', 'Morty Smith', 'Summer Smith', 'The Garage', 'Beth Smith', 'Gromflomites']"
Birdperson's Daughter,https://rickandmorty.fandom.com/wiki/Birdperson%27s_Daughter,"['Birdperson', 'Tammy Guterman', 'Gromflomites']"
Blamphs,https://rickandmorty.fandom.com/wiki/Blamphs,[]
Blazen,https://rickandmorty.fandom.com/wiki/Blazen,"['Kathy Ireland', 'Rick Sanchez', 'Morty Smith', 'Sticky']"
Blim Blam,https://rickandmorty.fandom.com/wiki/Blim_Blam,"['Rick Sanchez', 'Beth Smith', 'Jerry Smith', 'Summer Smith', 'Morty Smith']"
Blue Footprint Guy,https://rickandmorty.fandom.com/wiki/Blue_Footprint_Guy,"['Rick Sanchez', 'Morty Smith']"
Blue Shirt Morty,https://rickandmorty.fandom.com/wiki/Blue_Shirt_Morty,"['Yellow Shirt Rick', 'Morty Smith', 'Rick Sanchez', 'Council of Ricks']"
Bobby Moynihan,https://rickandmorty.fandom.com/wiki/Bobby_Moynihan,"['Rick Sanchez', 'Morty Smith', 'Piece of Toast', 'Two Guys with Handlebar Mustaches', 'Man Painted Silver Who Makes Robot Noises', 'Garmanarnar', 'Three Unknown Things', 'Hole in the Wall Where the Men Can See it All']"
Boobloosians,https://rickandmorty.fandom.com/wiki/Boobloosians,"['David Prime', 'Beth Smith', 'Jerry Smith', 'Tammy Guterman', 'Birdperson']"
Bootleg Portal Chemist Rick,https://rickandmorty.fandom.com/wiki/Bootleg_Portal_Chemist_Rick,"['Mortytown Locos', 'Evil Morty']"
Borpocians,https://rickandmorty.fandom.com/wiki/Borpocians,['Gromflomites']
Bova,https://rickandmorty.fandom.com/wiki/Bova,"['Hoovy', 'Japheth', 'Rick Sanchez']"
Brad,https://rickandmorty.fandom.com/wiki/Brad,"['Jessica', 'Morty Smith', 'Summer Smith', 'Rick Sanchez', 'Principal Vagina', 'Mr. Goldenfold', 'Tammy Guterman', 'Holly Hooks', 'Abrodolph Lincoler', 'Squanchy', 'Tricia Lange', 'Cynthia (Rixty Minutes)', 'Kiara', 'Bruce Chutback']"
Brad Anderson,https://rickandmorty.fandom.com/wiki/Brad_Anderson,"['Morty Smith', 'Morty Jr.']"
Bruce Chutback,https://rickandmorty.fandom.com/wiki/Bruce_Chutback,"['Morty Smith', 'Rick Sanchez', 'Brad']"
Bullies,https://rickandmorty.fandom.com/wiki/Bullies,"['Morty Smith', 'The Garage']"
Butter Robot,https://rickandmorty.fandom.com/wiki/Butter_Robot,"['Rick Sanchez', 'Morty Smith']"
Butter Robot (Fortnite),https://rickandmorty.fandom.com/wiki/Butter_Robot_(Fortnite),[]
Buttmouth,https://rickandmorty.fandom.com/wiki/Buttmouth,[]
Calypso,https://rickandmorty.fandom.com/wiki/Calypso,"['Lady Katana', 'Diablo Verde']"
Canklanker Thom,https://rickandmorty.fandom.com/wiki/Canklanker_Thom,"['Gromflomites', 'Rick Sanchez']"
Catogami,https://rickandmorty.fandom.com/wiki/Catogami,"['Morty Smith (C-132)', 'Rick Sanchez (C-132)', 'Professor Tock']"
Centaur,https://rickandmorty.fandom.com/wiki/Centaur,"['Mrs. Pancakes', 'Mr. Goldenfold']"
Chris,https://rickandmorty.fandom.com/wiki/Chris,"['Chris (The Ricks Must Be Crazy)', 'Shleemypants']"
Chris (The Ricks Must Be Crazy),https://rickandmorty.fandom.com/wiki/Chris_(The_Ricks_Must_Be_Crazy),"['Chris', 'Zeep Xanflorp']"
Chud King,https://rickandmorty.fandom.com/wiki/Chud_King,"['Poñeta', ""Rick's Foal"", 'The President', 'Rick Sanchez', 'Morty Smith', 'Sticky']"
Coach Feratu,https://rickandmorty.fandom.com/wiki/Coach_Feratu,"['Rick Sanchez', 'Tiny Rick', 'Morty Smith', 'Vampire Master']"
Colossus,https://rickandmorty.fandom.com/wiki/Colossus,"['Rick Sanchez', 'Morty Smith']"
Comedian,https://rickandmorty.fandom.com/wiki/Comedian,[]
Commander Rick,https://rickandmorty.fandom.com/wiki/Commander_Rick,"['Rick Sanchez', 'Rick Sanchez (D-99)', 'Quantum Rick', 'Council of Ricks', 'Beth Sanchez (C-137)']"
Concerto,https://rickandmorty.fandom.com/wiki/Concerto,"['Rick Sanchez', 'Morty Smith', 'Jaguar']"
Conroy,https://rickandmorty.fandom.com/wiki/Conroy,['Jerry Smith (Cronenberged dimension)']
Cool Rick,https://rickandmorty.fandom.com/wiki/Cool_Rick,"['Regional Manager Rick', 'Rick Sanchez (J-22)']"
Coop,https://rickandmorty.fandom.com/wiki/Coop,[]
Council of Ricks,https://rickandmorty.fandom.com/wiki/Council_of_Ricks,"['Rick Prime', 'Quantum Rick', 'Maximums Rickimus', 'Zeta Alpha Rick', 'Ricktiminus Sancheziminius', 'Riq IV', 'Shadow Council of Ricks', 'Rick Sanchez', 'The Scientist Formerly Known as Rick', 'SEAL Team Ricks', 'Evil Morty', 'Evil Rick Sanchez', 'Morty Smith', 'Summer Smith']"
Courier Flap,https://rickandmorty.fandom.com/wiki/Courier_Flap,"['Rick Sanchez', 'Birdperson']"
Cousin Nicky,https://rickandmorty.fandom.com/wiki/Cousin_Nicky,"['Memory Parasites', 'Mr. Poopybutthole', 'Mr. Beauregard', 'Rick Sanchez']"
Crazy Cat Rick,https://rickandmorty.fandom.com/wiki/Crazy_Cat_Rick,['Rick Sanchez (C-132)']
Crocubot,https://rickandmorty.fandom.com/wiki/Crocubot,"['Rick Sanchez', 'Worldender']"
Cromulons,https://rickandmorty.fandom.com/wiki/Cromulons,"['Armagheadon', 'Rick Sanchez', 'General Nathan', 'Principal Vagina']"
Cronenberg Morty,https://rickandmorty.fandom.com/wiki/Cronenberg_Morty,"['Cronenberg Rick', 'Morty Smith', 'Rick Sanchez']"
Cronenberg Rick,https://rickandmorty.fandom.com/wiki/Cronenberg_Rick,"['Cronenberg Morty', 'Rick Sanchez', 'Morty Smith', 'Summer Smith (Cronenberged dimension)']"
Crop Top Morty,https://rickandmorty.fandom.com/wiki/Crop_Top_Morty,['Morty Smith']
Crowscare,https://rickandmorty.fandom.com/wiki/Crowscare,"['Rick Sanchez', 'Two Crows']"
Crustolomons,https://rickandmorty.fandom.com/wiki/Crustolomons,"['Evil Rick Sanchez', 'Evil Morty']"
Crystallized Morty,https://rickandmorty.fandom.com/wiki/Crystallized_Morty,"['Morty Smith', 'Evil Morty', 'Trunk Morty']"
Cult Leader Morty,https://rickandmorty.fandom.com/wiki/Cult_Leader_Morty,"['Evil Rick Sanchez', 'The One True Morty', 'Morty Smith']"
Curly-haired Rick,https://rickandmorty.fandom.com/wiki/Curly-haired_Rick,['Rick Sanchez']
Cyclops Morty,https://rickandmorty.fandom.com/wiki/Cyclops_Morty,"['Cyclops Rick', 'Morty Smith']"
Cyclops Rick,https://rickandmorty.fandom.com/wiki/Cyclops_Rick,"['Cyclops Morty', 'Rick Sanchez', 'Morty Smith', 'Solicitor Rick', 'Evil Morty']"
Cynthia,https://rickandmorty.fandom.com/wiki/Cynthia,"['Cynthia (Rixty Minutes)', 'Prince Nebulon', 'Rick Sanchez']"
Cynthia (Rixty Minutes),https://rickandmorty.fandom.com/wiki/Cynthia_(Rixty_Minutes),"['Cynthia', 'Rick Sanchez', 'Morty Smith', 'Mr. Goldenfold', 'Abrodolph Lincoler', 'Brad']"
Dale,https://rickandmorty.fandom.com/wiki/Dale,"['Rose', ""Dale's Son"", 'Rick Sanchez', 'Morty Smith']"
Dale's Son,https://rickandmorty.fandom.com/wiki/Dale%27s_Son,"['Dale', 'Rose', 'Rick Sanchez', 'Morty Smith']"
Dangelians,https://rickandmorty.fandom.com/wiki/Dangelians,"['Rick Sanchez', 'Kozbians']"
Daphne,https://rickandmorty.fandom.com/wiki/Daphne,[]
Daron Jefferson,https://rickandmorty.fandom.com/wiki/Daron_Jefferson,"['Nippalians', 'Unity']"
Darth Poopybutthole,https://rickandmorty.fandom.com/wiki/Darth_Poopybutthole,"['Evil Morty', 'Rick Sanchez', 'Morty Smith', 'Mr. Meeseeks', 'Gazorpians', 'Mr. Poopybutthole', 'Jesus Christ']"
Dave,https://rickandmorty.fandom.com/wiki/Dave,['Roy']
David Letterman,https://rickandmorty.fandom.com/wiki/David_Letterman,['Jerry Smith']
David Prime,https://rickandmorty.fandom.com/wiki/David_Prime,['Boobloosians']
Davin,https://rickandmorty.fandom.com/wiki/Davin,"['Jerry Smith (Cronenberged dimension)', 'Morty Smith', 'Brad']"
Da’hou Ungherstahnk,https://rickandmorty.fandom.com/wiki/Da%E2%80%99hou_Ungherstahnk,['Flansians']
Defiance Doctor,https://rickandmorty.fandom.com/wiki/Defiance_Doctor,['Rick Sanchez']
Delta,https://rickandmorty.fandom.com/wiki/Delta,[]
Diablo Verde,https://rickandmorty.fandom.com/wiki/Diablo_Verde,"['Lady Katana', 'Calypso', 'Doom-Nomitron']"
Diane Sanchez,https://rickandmorty.fandom.com/wiki/Diane_Sanchez,"['Rick Sanchez', 'Beth Sanchez (C-137)', ""Rick's Father"", 'Weird Rick', 'Mr. Nimbus', 'Birdperson', 'Jessica', 'Space Cruiser', 'The Garage']"
Diesel Weasel,https://rickandmorty.fandom.com/wiki/Diesel_Weasel,['Planetina']
Dipper and Mabel Mortys,https://rickandmorty.fandom.com/wiki/Dipper_and_Mabel_Mortys,"['Morty Smith', 'Summer Smith']"
Diseases,https://rickandmorty.fandom.com/wiki/Diseases,"['Ruben', 'Poncho', 'Morty Smith', 'Annie', 'Dr. Xenon Bloom']"
Donna Guterman,https://rickandmorty.fandom.com/wiki/Donna_Guterman,"['Pat Guterman', 'Tammy Guterman', 'Birdperson', 'Jerry Smith', 'Beth Smith', 'Summer Smith']"
Doofus Rick,https://rickandmorty.fandom.com/wiki/Doofus_Rick,"['Rick Sanchez (J19α7)', 'Rick Sanchez', 'Jerry Smith', 'Eric Stoltz Mask Morty']"
Doom-Nomitron,https://rickandmorty.fandom.com/wiki/Doom-Nomitron,"['Rick Sanchez', 'Morty Smith', 'Lady Katana', 'Diablo Verde', 'Calypso']"
Dr. Glip-Glop,https://rickandmorty.fandom.com/wiki/Dr._Glip-Glop,['Rick Sanchez']
Dr. Schmidt,https://rickandmorty.fandom.com/wiki/Dr._Schmidt,[]
Dr. Wong,https://rickandmorty.fandom.com/wiki/Dr._Wong,"['Beth Smith', 'Jerry Smith', 'Pickle Rick (character)', 'Tammy Guterman', 'Mr. Goldenfold', 'Gromflomites']"
Dr. Xenon Bloom,https://rickandmorty.fandom.com/wiki/Dr._Xenon_Bloom,"['Rick Sanchez', 'Ruben', 'Poncho', 'Roger', 'Annie', 'Diseases', 'Morty Smith', 'Ethan']"
Drippy Boy,https://rickandmorty.fandom.com/wiki/Drippy_Boy,"['Rick Sanchez', 'Morty Smith', 'Beth Smith']"
Duck with Muscles,https://rickandmorty.fandom.com/wiki/Duck_with_Muscles,"['Memory Parasites', 'Baby Wizard', 'Morty Smith', 'Rick Sanchez', 'Pencilvester']"
Dwayne,https://rickandmorty.fandom.com/wiki/Dwayne,[]
Eddie,https://rickandmorty.fandom.com/wiki/Eddie,"['Planetina', 'Morty Smith']"
Eli,https://rickandmorty.fandom.com/wiki/Eli,"[""Eli's Girlfriend"", 'Hemorrhage', 'Summer Smith', 'Rick Sanchez', 'Morty Smith', 'Armothy']"
Eli's Girlfriend,https://rickandmorty.fandom.com/wiki/Eli%27s_Girlfriend,"['Eli', 'Summer Smith', 'Hemorrhage']"
Eric Stoltz Mask Morty,https://rickandmorty.fandom.com/wiki/Eric_Stoltz_Mask_Morty,"['Morty Smith', 'Doofus Rick']"
Ethan,https://rickandmorty.fandom.com/wiki/Ethan,"['Summer Smith', 'Tricia Lange', 'Jacob Philip', 'Rick Sanchez', 'Toby Matthews', 'Hemorrhage', 'Beth Smith', 'Morty Smith']"
Evil Beth Clone,https://rickandmorty.fandom.com/wiki/Evil_Beth_Clone,"['Evil Jerry Clone', 'Evil Summer Clone', 'Beth Smith', 'Rick Sanchez', 'Morty Smith']"
Evil Jerry Clone,https://rickandmorty.fandom.com/wiki/Evil_Jerry_Clone,"['Evil Beth Clone', 'Evil Summer Clone', 'Jerry Smith']"
Evil Morty,https://rickandmorty.fandom.com/wiki/Evil_Morty,"['Morty Smith (304-X)', 'Evil Rick Sanchez', 'Morty Smith', 'Rick Sanchez', 'Shadow Council of Ricks', 'Council of Ricks', 'Investigator Rick', 'Story Lord']"
Evil Rick Sanchez,https://rickandmorty.fandom.com/wiki/Evil_Rick_Sanchez,"['Evil Morty', 'Rick Sanchez', 'Council of Ricks', 'Morty Smith']"
Evil Summer Clone,https://rickandmorty.fandom.com/wiki/Evil_Summer_Clone,"['Evil Jerry Clone', 'Evil Beth Clone', 'Summer Smith']"
Eyehole Man,https://rickandmorty.fandom.com/wiki/Eyehole_Man,"['Rick Sanchez', 'Morty Smith', 'Jerry Smith', 'Summer Smith']"
Farmer Rick,https://rickandmorty.fandom.com/wiki/Farmer_Rick,"['Slick Morty', 'Lizard Morty', 'Glasses Morty', 'Evil Morty', 'Morty Smith', 'Rick Sanchez']"
Farmer Rick's Dog,https://rickandmorty.fandom.com/wiki/Farmer_Rick%27s_Dog,[]
Fart,https://rickandmorty.fandom.com/wiki/Fart,"['Rick Sanchez', 'Krombopulos Michael', 'Gromflomites', 'Morty Smith']"
Fascist Morty,https://rickandmorty.fandom.com/wiki/Fascist_Morty,"['Rick Sanchez', 'Mr. Meeseeks', 'Evil Morty', 'Morty Smith', 'Revolio Clockberg, Jr.']"
Fast Aging Alien,https://rickandmorty.fandom.com/wiki/Fast_Aging_Alien,"['Rick Sanchez', 'Morty Smith', 'Gromflomites']"
Father Bob,https://rickandmorty.fandom.com/wiki/Father_Bob,['Cromulons']
Flansians,https://rickandmorty.fandom.com/wiki/Flansians,"['Da’hou Ungherstahnk', 'Beth Smith', 'Jerry Smith', 'Birdperson', 'Tammy Guterman']"
Fleeb,https://rickandmorty.fandom.com/wiki/Fleeb,[]
Fleeblebox IV,https://rickandmorty.fandom.com/wiki/Fleeblebox_IV,[]
Flex Xando,https://rickandmorty.fandom.com/wiki/Flex_Xando,[]
Florflok,https://rickandmorty.fandom.com/wiki/Florflok,"['Gaia', 'Reggie', 'Ticktock', 'Squeeb', 'Rick Sanchez', 'Beth Smith', 'Jerry Smith']"
Frank Palicky,https://rickandmorty.fandom.com/wiki/Frank_Palicky,"['Morty Smith', 'Rick Sanchez', 'Summer Smith (Cronenberged dimension)', 'Jerry Smith (Cronenberged dimension)']"
Frankenstein's Monster,https://rickandmorty.fandom.com/wiki/Frankenstein%27s_Monster,"['Tinkles', 'Memory Parasites']"
Fulgora,https://rickandmorty.fandom.com/wiki/Fulgora,['Attila Starwar']
Fungo,https://rickandmorty.fandom.com/wiki/Fungo,"['Yaarb', 'Jerry Smith', 'Shrimply Pibbles']"
Gaia,https://rickandmorty.fandom.com/wiki/Gaia,"['Florflok', 'Ticktock', 'Squeeb', 'Rick Sanchez', 'Reggie']"
Galactic Federation President,https://rickandmorty.fandom.com/wiki/Galactic_Federation_President,"['Gromflomites', 'Rick Sanchez']"
Gar Gloonch,https://rickandmorty.fandom.com/wiki/Gar_Gloonch,"['Zarbadar Gloonch', 'Jerry Smith']"
Gar's Mytholog,https://rickandmorty.fandom.com/wiki/Gar%27s_Mytholog,"['Zarbadar Gloonch', 'Gar Gloonch']"
Garblovians,https://rickandmorty.fandom.com/wiki/Garblovians,['GlorpDieBlorp']
Garmanarnar,https://rickandmorty.fandom.com/wiki/Garmanarnar,"['Piece of Toast', 'Two Guys with Handlebar Mustaches', 'Man Painted Silver Who Makes Robot Noises', 'Three Unknown Things', 'Hole in the Wall Where the Men Can See it All', 'Bobby Moynihan']"
Garment District Rick,https://rickandmorty.fandom.com/wiki/Garment_District_Rick,"['Shadow Council of Ricks', 'Rick Sanchez', 'Council of Ricks', 'Evil Morty']"
Gazorpazorpfield (Character),https://rickandmorty.fandom.com/wiki/Gazorpazorpfield_(Character),"['Gazorpians', 'Jon', 'Rick Sanchez', 'Morty Smith']"
Gazorpians,https://rickandmorty.fandom.com/wiki/Gazorpians,"['Morty Jr.', 'Mar-Sha', 'Gwendolyn', 'Rick Sanchez', 'Summer Smith', 'Morty Smith']"
Geardude,https://rickandmorty.fandom.com/wiki/Geardude,"['Revolio Clockberg, Jr.', 'Rick Sanchez', 'Birdperson', 'Squanchy', 'Gromflomites']"
Gene,https://rickandmorty.fandom.com/wiki/Gene,"['Principal Vagina', 'Ethan', 'Morty Smith', 'Rick Sanchez']"
General Nathan,https://rickandmorty.fandom.com/wiki/General_Nathan,"['The President', 'Cromulons', 'Rick Sanchez', 'Morty Smith']"
General Store Owner,https://rickandmorty.fandom.com/wiki/General_Store_Owner,"['Rick Sanchez', 'Morty Smith']"
Genital Washer,https://rickandmorty.fandom.com/wiki/Genital_Washer,"['Taint Washer', 'Lord Henderfinger']"
Ghost in a Jar,https://rickandmorty.fandom.com/wiki/Ghost_in_a_Jar,"['Memory Parasites', 'Reverse Giraffe']"
Gibble Snake,https://rickandmorty.fandom.com/wiki/Gibble_Snake,['Shmooglite Runner']
Glar,https://rickandmorty.fandom.com/wiki/Glar,"['Rick Sanchez', 'Morty Smith', 'Miles Knightly', 'Heistotron']"
Glarb,https://rickandmorty.fandom.com/wiki/Glarb,"['Rick Sanchez (C-132)', 'Morty Smith (C-132)', 'Professor Tock']"
Glasses Morty,https://rickandmorty.fandom.com/wiki/Glasses_Morty,"['Lizard Morty', 'Slick Morty', 'Morty Smith']"
Glaxo Slimslom,https://rickandmorty.fandom.com/wiki/Glaxo_Slimslom,"['Rick Sanchez', ""Beth's Mytholog"", 'Gar Gloonch', 'Zarbadar Gloonch']"
Glenn,https://rickandmorty.fandom.com/wiki/Glenn,"['Gromflomites', 'Glenn (Rixty Minutes)', 'Morty Smith', 'Rick Sanchez']"
Glenn (Rixty Minutes),https://rickandmorty.fandom.com/wiki/Glenn_(Rixty_Minutes),['Gromflomites']
Glootie,https://rickandmorty.fandom.com/wiki/Glootie,"['Rick Sanchez', 'Jerry Smith (Cronenberged dimension)', 'Jerry Smith']"
GlorpDieBlorp,https://rickandmorty.fandom.com/wiki/GlorpDieBlorp,['Garblovians']
Gobo,https://rickandmorty.fandom.com/wiki/Gobo,"['Jerry Smith', 'Morty Smith']"
Goddess Beth,https://rickandmorty.fandom.com/wiki/Goddess_Beth,"['Beth Smith', 'Ideal Jerry', ""Beth's Mytholog""]"
Goomby,https://rickandmorty.fandom.com/wiki/Goomby,['Rick Sanchez']
Gordon Lunas,https://rickandmorty.fandom.com/wiki/Gordon_Lunas,['Principal Vagina']
Gorpathian Dermaks,https://rickandmorty.fandom.com/wiki/Gorpathian_Dermaks,['Rick Sanchez']
Grace,https://rickandmorty.fandom.com/wiki/Grace,"['Summer Smith', 'Morty Smith']"
Grace Smith,https://rickandmorty.fandom.com/wiki/Grace_Smith,"['Nancy', 'Squanchy', 'Brad', 'Abrodolph Lincoler', 'Morty Smith', 'Jessica', 'Tammy Guterman', 'Grace']"
Greebybobes,https://rickandmorty.fandom.com/wiki/Greebybobes,['Cromulons']
Greg,https://rickandmorty.fandom.com/wiki/Greg,['Fart']
Gromflomites,https://rickandmorty.fandom.com/wiki/Gromflomites,"['Canklanker Thom', 'Galactic Federation President', 'Glenn', 'Krombopulos Michael', 'McGlaargle', 'Rurtaugh', 'Tammy Guterman']"
Gwendolyn,https://rickandmorty.fandom.com/wiki/Gwendolyn,"['Morty Jr.', 'Morty Smith', 'Rick Sanchez']"
Hambrosians,https://rickandmorty.fandom.com/wiki/Hambrosians,"['Rick Sanchez', 'Morty Smith', 'Birdperson', 'Tammy Guterman']"
Hammerhead Morty,https://rickandmorty.fandom.com/wiki/Hammerhead_Morty,"['Morty Smith', 'Evil Rick Sanchez']"
Hammerhead Morty (Fortnite),https://rickandmorty.fandom.com/wiki/Hammerhead_Morty_(Fortnite),"['Hammerhead Morty', 'Morty Smith']"
Hamsters In Butts,https://rickandmorty.fandom.com/wiki/Hamsters_In_Butts,[]
Hamurai,https://rickandmorty.fandom.com/wiki/Hamurai,"['Memory Parasites', 'Reverse Giraffe']"
Harold,https://rickandmorty.fandom.com/wiki/Harold,"['Summer Smith (Cronenberged dimension)', 'Morty Smith']"
Harold The Garbage Goober,https://rickandmorty.fandom.com/wiki/Harold_The_Garbage_Goober,[]
Healthy Rick,https://rickandmorty.fandom.com/wiki/Healthy_Rick,"['Rick Sanchez', 'Toxic Rick', 'Toxic Morty']"
Heistotron,https://rickandmorty.fandom.com/wiki/Heistotron,['Rick Sanchez']
Helium-Q,https://rickandmorty.fandom.com/wiki/Helium-Q,"['Water-T', 'Cromulons', 'Numbericons']"
Hemorrhage,https://rickandmorty.fandom.com/wiki/Hemorrhage,"['Summer Smith', 'Jerry Smith', 'Sleepy Gary', 'Beth Smith', 'Morty Smith (Replacement Dimension)', 'Morty Smith', 'Gwendolyn', 'Morty Jr.', 'Leonard Smith', 'Joyce Smith', 'Steven Smith', 'Unnamed Uncle', 'Rick Sanchez (Replacement Dimension)', 'Rick Sanchez', 'Diane Sanchez', ""Rick's Father"", 'Colossus', 'Jerry Smith (Cronenberged dimension)']"
Hephaestus,https://rickandmorty.fandom.com/wiki/Hephaestus,"['Reggie', 'Rick Sanchez', 'Morty Smith', 'Heistotron', 'The Garage', 'Ventriloquiver']"
Heroin Keith,https://rickandmorty.fandom.com/wiki/Heroin_Keith,['Morty Smith']
Hole in the Wall Where the Men Can See it All,https://rickandmorty.fandom.com/wiki/Hole_in_the_Wall_Where_the_Men_Can_See_it_All,"['Piece of Toast', 'Two Guys with Handlebar Mustaches', 'Man Painted Silver Who Makes Robot Noises', 'Garmanarnar', 'Three Unknown Things', 'Bobby Moynihan']"
Holly Hooks,https://rickandmorty.fandom.com/wiki/Holly_Hooks,"['Jessica', 'Tricia Lange']"
Hologram Rick,https://rickandmorty.fandom.com/wiki/Hologram_Rick,"['Rick Sanchez', 'Morty Smith', 'Wasp Rick', 'Jessica']"
Hologram Rick (Edge of Tomorty: Rick Die Repeat),https://rickandmorty.fandom.com/wiki/Hologram_Rick_(Edge_of_Tomorty:_Rick_Die_Repeat),"['Rick Sanchez', 'Morty Smith', 'Jessica', 'Bullies', 'Wasp Rick']"
Hookah Alien,https://rickandmorty.fandom.com/wiki/Hookah_Alien,"['Rick Sanchez', 'Morty Smith']"
Hoovy,https://rickandmorty.fandom.com/wiki/Hoovy,"['Bova', 'Rick Sanchez', 'Morty Smith', 'Japheth', 'The Garage', 'Dale', 'Arthricia']"
Hothead Rick,https://rickandmorty.fandom.com/wiki/Hothead_Rick,"['Rick Sanchez', 'Ricardo Montoya', 'Big Fat Rick', 'Little Ricky Wrap-it-up']"
Hunter,https://rickandmorty.fandom.com/wiki/Hunter,"[""Hunter's Father"", 'Space Cruiser', 'Summer Smith']"
Hunter's Father,https://rickandmorty.fandom.com/wiki/Hunter%27s_Father,"['Hunter', 'Space Cruiser']"
Hydrogen-F,https://rickandmorty.fandom.com/wiki/Hydrogen-F,"['Magnesium-J', 'Helium-Q', 'Water-T', 'Cromulons', 'Numbericons']"
Ideal Jerry,https://rickandmorty.fandom.com/wiki/Ideal_Jerry,"['Jerry Smith', ""Jerry's Mytholog"", 'Beth Smith', ""Beth's Mytholog""]"
Insurance Rick,https://rickandmorty.fandom.com/wiki/Insurance_Rick,"['Rick Sanchez', 'Morty Smith', 'Solicitor Rick']"
Investigator Rick,https://rickandmorty.fandom.com/wiki/Investigator_Rick,"['Evil Morty', 'Evil Rick Sanchez']"
Invisi-troopers,https://rickandmorty.fandom.com/wiki/Invisi-troopers,"['Rick Sanchez', 'The President', 'Morty Smith']"
Izzy,https://rickandmorty.fandom.com/wiki/Izzy,"['Rick Sanchez', 'Pickle Rick (character)']"
Jacob Philip,https://rickandmorty.fandom.com/wiki/Jacob_Philip,"['Joyce Smith', 'Jerry Smith', 'Leonard Smith', 'Jerry Smith (Cronenberged dimension)', 'Summer Smith (Cronenberged dimension)', 'Ethan', 'Ruben']"
Jacqueline,https://rickandmorty.fandom.com/wiki/Jacqueline,"['Morty Smith', 'Toxic Morty', 'Rick Sanchez', 'Jessica', 'Stacy']"
Jaguar,https://rickandmorty.fandom.com/wiki/Jaguar,"['Katarina', 'Pickle Rick (character)', 'Beth Smith', 'Morty Smith', 'Concerto']"
Jamey,https://rickandmorty.fandom.com/wiki/Jamey,"['Rick Sanchez', 'Morty Smith', 'Cromulons']"
Jan-Michael Vincent,https://rickandmorty.fandom.com/wiki/Jan-Michael_Vincent,"['Morty Smith', 'Rick Sanchez']"
Japheth,https://rickandmorty.fandom.com/wiki/Japheth,"['Morty Smith', 'Hoovy', 'Bova']"
Jarshog Mollar,https://rickandmorty.fandom.com/wiki/Jarshog_Mollar,[]
Jeff,https://rickandmorty.fandom.com/wiki/Jeff,"['Summer Smith', 'Maggie', 'Priest Witherspoon', 'Richard', 'Glootie']"
Jerry Smith (304-X),https://rickandmorty.fandom.com/wiki/Jerry_Smith_(304-X),"['Beth Smith (304-X)', 'Summer Smith (304-X)', 'Morty Smith (304-X)', 'Rick Sanchez (C-132)', 'Morty Smith', 'Summer Smith', 'Beth Smith']"
Jerry Smith (C-500A),https://rickandmorty.fandom.com/wiki/Jerry_Smith_(C-500A),"['Beth Sanchez (C-500A)', 'Jerry Smith', 'David Letterman', 'Johnny Depp', 'Kristen Stewart']"
Jerry Smith (Cronenberged dimension),https://rickandmorty.fandom.com/wiki/Jerry_Smith_(Cronenberged_dimension),"['Jerry Smith', 'Summer Smith (Cronenberged dimension)', 'Morty Smith', 'Rick Sanchez', 'Diane Sanchez', ""Rick's Father"", 'Leonard Smith', 'Joyce Smith', 'Unnamed Uncle', 'Jacob Philip', 'Mr. Meeseeks', 'Snuffles', 'Summer Smith', 'Ethan', 'Beth Smith']"
Jerry Smith (Evil Rick's Target Dimension),https://rickandmorty.fandom.com/wiki/Jerry_Smith_(Evil_Rick%27s_Target_Dimension),"[""Beth Smith (Evil Rick's Target Dimension)"", ""Summer Smith (Evil Rick's Target Dimension)"", ""Morty Smith (Evil Rick's Target Dimension)"", ""Rick Sanchez (Evil Rick's Target Dimension)"", 'Jerry Smith', 'Evil Rick Sanchez', 'Evil Morty']"
Jerry's Mytholog,https://rickandmorty.fandom.com/wiki/Jerry%27s_Mytholog,"['Jerry Smith', ""Beth's Mytholog""]"
Jessica,https://rickandmorty.fandom.com/wiki/Jessica,"[""Jessica's Grandma"", 'Brad', 'Morty Smith', 'Rick Sanchez', 'Squanchy', 'Mr. Goldenfold', 'Tiny Rick', 'Grace Smith', 'Tricia Lange', 'Fart']"
Jessica's Grandma,https://rickandmorty.fandom.com/wiki/Jessica%27s_Grandma,['Jessica']
Jesus Christ,https://rickandmorty.fandom.com/wiki/Jesus_Christ,[]
Jew,https://rickandmorty.fandom.com/wiki/Jew,['Armagheadon']
Jodie,https://rickandmorty.fandom.com/wiki/Jodie,"['Rick Sanchez', 'Morty Smith']"
Johnny Depp,https://rickandmorty.fandom.com/wiki/Johnny_Depp,['Jerry Smith (C-500A)']
Jon,https://rickandmorty.fandom.com/wiki/Jon,"['Gazorpians', 'Gazorpazorpfield (Character)']"
Joseph Lipnip,https://rickandmorty.fandom.com/wiki/Joseph_Lipnip,"['Mrs. Lipnip', 'Thomas Lipnip', ""Tommy's Clone"", 'Beth Smith']"
Josiah,https://rickandmorty.fandom.com/wiki/Josiah,['Priest Witherspoon']
Joyce Smith,https://rickandmorty.fandom.com/wiki/Joyce_Smith,"['Leonard Smith', 'Jacob Philip', 'Steven Smith', 'Jerry Smith', 'Unnamed Uncle', 'Beth Smith', 'Summer Smith', 'Morty Smith', 'Hemorrhage', 'Gwendolyn', 'Morty Jr.', 'Jerry Smith (Cronenberged dimension)', 'Ethan']"
Juggling Rick,https://rickandmorty.fandom.com/wiki/Juggling_Rick,"['Rick Sanchez', 'Evil Morty']"
Karen Entity,https://rickandmorty.fandom.com/wiki/Karen_Entity,"['Nippalians', 'Unity']"
Katarina,https://rickandmorty.fandom.com/wiki/Katarina,"['Jaguar', 'Rick Sanchez']"
Katherine Heffelfinger,https://rickandmorty.fandom.com/wiki/Katherine_Heffelfinger,"['Morty Smith', 'Jessica', 'Annie', 'Arthricia']"
Kathy Ireland,https://rickandmorty.fandom.com/wiki/Kathy_Ireland,"['Blazen', 'Morty Smith']"
Kelsey Shawsen,https://rickandmorty.fandom.com/wiki/Kelsey_Shawsen,"['Toby Matthews', 'Gromflomites']"
Kendra,https://rickandmorty.fandom.com/wiki/Kendra,"['Morty Smith', 'Rick Sanchez', 'Naruto Smith']"
Kevin,https://rickandmorty.fandom.com/wiki/Kevin,"['Prince Nebulon', 'Rick Sanchez', 'Morty Smith']"
Khlorgg,https://rickandmorty.fandom.com/wiki/Khlorgg,['Jerry Smith']
Kiara,https://rickandmorty.fandom.com/wiki/Kiara,"['Jerry Smith', 'Trandor', 'Rick Sanchez', 'Morty Smith', 'Summer Smith', 'Principal Vagina']"
King Flippy Nips,https://rickandmorty.fandom.com/wiki/King_Flippy_Nips,"['Plutonian', 'Scroopy Noopers', 'Jerry Smith', 'Morty Smith']"
Kl’iiik Mijupsrit,https://rickandmorty.fandom.com/wiki/Kl%E2%80%99iiik_Mijupsrit,['Mr. Marklovitz']
Korlunxes,https://rickandmorty.fandom.com/wiki/Korlunxes,"['Shrimply Pibbles', 'Jerry Smith']"
Kozbians,https://rickandmorty.fandom.com/wiki/Kozbians,[]
Kristen Stewart,https://rickandmorty.fandom.com/wiki/Kristen_Stewart,"['Jerry Smith (C-500A)', 'Jerry Smith']"
Krombopulos Michael,https://rickandmorty.fandom.com/wiki/Krombopulos_Michael,"['Gromflomites', 'Rick Sanchez', 'Fart', 'Morty Smith']"
Kyle,https://rickandmorty.fandom.com/wiki/Kyle,"['Zeep Xanflorp', 'Rick Sanchez', 'Morty Smith', 'Mr. Nimbus']"
Lady Katana,https://rickandmorty.fandom.com/wiki/Lady_Katana,"['Calypso', 'Diablo Verde']"
Larva Aliens,https://rickandmorty.fandom.com/wiki/Larva_Aliens,"['Cromulons', 'Birdperson', 'Tammy Guterman']"
Lawyer Morty,https://rickandmorty.fandom.com/wiki/Lawyer_Morty,"['Council of Ricks', 'Morty Smith', 'Summer Smith']"
Leonard Smith,https://rickandmorty.fandom.com/wiki/Leonard_Smith,"['Joyce Smith', 'Steven Smith', 'Jerry Smith', 'Unnamed Uncle', 'Beth Smith', 'Summer Smith', 'Morty Smith', 'Hemorrhage', 'Gwendolyn', 'Morty Jr.', 'Jacob Philip', 'Jerry Smith (Cronenberged dimension)']"
Lighthouse Keeper,https://rickandmorty.fandom.com/wiki/Lighthouse_Keeper,"['Rick Sanchez', 'Morty Smith']"
Lil B,https://rickandmorty.fandom.com/wiki/Lil_B,"['Birdperson', 'Tammy Guterman', 'Rick Sanchez']"
Lisa,https://rickandmorty.fandom.com/wiki/Lisa,[]
Little Dipper,https://rickandmorty.fandom.com/wiki/Little_Dipper,[]
Little Ricky Wrap-it-up,https://rickandmorty.fandom.com/wiki/Little_Ricky_Wrap-it-up,"['Rick Sanchez', 'Ricardo Montoya', 'Hothead Rick', 'Big Fat Rick']"
Lizard Morty,https://rickandmorty.fandom.com/wiki/Lizard_Morty,"['Morty Smith', 'Slick Morty', 'Glasses Morty', 'Farmer Rick', 'Lizard Rick']"
Lizard Rick,https://rickandmorty.fandom.com/wiki/Lizard_Rick,"['Rick Sanchez', 'Lizard Morty']"
Loggins,https://rickandmorty.fandom.com/wiki/Loggins,[]
Logic,https://rickandmorty.fandom.com/wiki/Logic,"['Rick Sanchez', 'Noob-Noob']"
Long Sleeved Morty,https://rickandmorty.fandom.com/wiki/Long_Sleeved_Morty,['Morty Smith']
Lord Henderfinger,https://rickandmorty.fandom.com/wiki/Lord_Henderfinger,"['Armothy', 'Morty Smith', 'Rick Sanchez', 'Taint Washer', 'Genital Washer']"
Lucius Needful,https://rickandmorty.fandom.com/wiki/Lucius_Needful,['Rick Sanchez']
Lucy,https://rickandmorty.fandom.com/wiki/Lucy,[]
Maggie,https://rickandmorty.fandom.com/wiki/Maggie,"['Jeff', 'Running Bird']"
Magnesium-J,https://rickandmorty.fandom.com/wiki/Magnesium-J,"['Hydrogen-F', 'Helium-Q', 'Water-T', 'Cromulons', 'Numbericons']"
Man Painted Silver Who Makes Robot Noises,https://rickandmorty.fandom.com/wiki/Man_Painted_Silver_Who_Makes_Robot_Noises,"['Piece of Toast', 'Two Guys with Handlebar Mustaches', 'Garmanarnar', 'Three Unknown Things', 'Hole in the Wall Where the Men Can See it All', 'Bobby Moynihan']"
Mar-Sha,https://rickandmorty.fandom.com/wiki/Mar-Sha,"['Gazorpians', 'Rick Sanchez']"
Masy Kallerax,https://rickandmorty.fandom.com/wiki/Masy_Kallerax,"['Unity', 'Nippalians']"
Maximums Rickimus,https://rickandmorty.fandom.com/wiki/Maximums_Rickimus,"['Council of Ricks', 'Rick Sanchez', 'Riq IV', 'Rick Prime', 'Quantum Rick', 'Zeta Alpha Rick', 'Ricktiminus Sancheziminius', 'The Scientist Formerly Known as Rick', 'Evil Rick Sanchez', 'Morty Smith', 'SEAL Team Ricks']"
MC Haps,https://rickandmorty.fandom.com/wiki/MC_Haps,"['Morty Smith', 'Squanchy', 'Logic']"
McGlaargle,https://rickandmorty.fandom.com/wiki/McGlaargle,"['Gromflomites', 'Smarkians', 'Amfiddians']"
Mecha Morty (Fortnite),https://rickandmorty.fandom.com/wiki/Mecha_Morty_(Fortnite),[]
Mechanical Morty,https://rickandmorty.fandom.com/wiki/Mechanical_Morty,"['Robot Morty', 'Rick Sanchez', 'Mechanical Rick', 'Mechanical Summer', 'Morty Smith']"
Mechanical Rick,https://rickandmorty.fandom.com/wiki/Mechanical_Rick,"['Robot Rick', 'Rick Sanchez', 'Beth Smith']"
Mechanical Summer,https://rickandmorty.fandom.com/wiki/Mechanical_Summer,"['Summer Smith', 'Rick Sanchez', 'Beth Smith']"
Memory Parasites,https://rickandmorty.fandom.com/wiki/Memory_Parasites,"['Steven Smith', 'Cousin Nicky', 'Mr. Beauregard', 'Sleepy Gary', 'Morty Smith', 'Beth Smith', 'Rick Sanchez', 'Summer Smith', ""Frankenstein's Monster"", 'Photography Raptor', 'Pencilvester', 'Tinkles', 'Hamurai', 'Amish Cyborg', 'Reverse Giraffe', 'Ghost in a Jar', 'Baby Wizard', 'Mrs. Refrigerator', 'Bearded Lady', 'Duck with Muscles']"
Memory Rick,https://rickandmorty.fandom.com/wiki/Memory_Rick,"['Birdperson', 'Rick Sanchez (Replacement Dimension)', 'Tammy Guterman', 'Morty Smith']"
Michael (The ABC's of Beth),https://rickandmorty.fandom.com/wiki/Michael_(The_ABC%27s_of_Beth),['Jerry Smith']
Michael Denny and the Denny Singers,https://rickandmorty.fandom.com/wiki/Michael_Denny_and_the_Denny_Singers,['Trunk People']
Michael Jenkins,https://rickandmorty.fandom.com/wiki/Michael_Jenkins,[]
Michael McLick,https://rickandmorty.fandom.com/wiki/Michael_McLick,['Randy Dicknose']
Michael Thompson,https://rickandmorty.fandom.com/wiki/Michael_Thompson,['Pichael Thompson']
Miggs,https://rickandmorty.fandom.com/wiki/Miggs,"['Gromflomites', 'Rick Sanchez', 'Mr. Meeseeks', 'Morty Smith', 'Summer Smith']"
Miles Knightly,https://rickandmorty.fandom.com/wiki/Miles_Knightly,['Rick Sanchez']
Million Ants,https://rickandmorty.fandom.com/wiki/Million_Ants,"['Supernova', 'Rick Sanchez', 'Alan Rails']"
Mitch,https://rickandmorty.fandom.com/wiki/Mitch,"['Morty Smith', 'Frank Palicky', 'Summer Smith (Cronenberged dimension)', 'Jerry Smith (Cronenberged dimension)', 'Principal Vagina', 'Toxic Morty']"
Morty Jr.,https://rickandmorty.fandom.com/wiki/Morty_Jr.,"['Morty Smith', 'Cronenberg Morty', 'Gazorpians', 'Gwendolyn', 'Jerry Smith', 'Beth Smith', 'Hemorrhage', 'Summer Smith', 'Naruto Smith', 'Leonard Smith', 'Joyce Smith', 'Unnamed Uncle', 'Rick Sanchez', 'Diane Sanchez', ""Rick's Father""]"
Morty Rick,https://rickandmorty.fandom.com/wiki/Morty_Rick,"['Rick Sanchez', 'Morty Smith', 'Tiny Rick']"
Morty Smith,https://rickandmorty.fandom.com/wiki/Morty_Smith,"['Jerry Smith (Cronenberged dimension)', 'Summer Smith (Cronenberged dimension)', 'Morty Jr.', 'Rick Sanchez', 'Diane Sanchez', 'Leonard Smith', 'Joyce Smith', 'Jerry Smith', 'Beth Smith', 'Summer Smith', 'Unnamed Uncle', 'Gwendolyn', 'Naruto Smith', 'Jessica', 'Annie', 'Arthricia', 'Stacy', 'Jacqueline', ""Morty's Girlfriend"", 'Planetina', 'Birdperson', 'Diseases', 'Fart', 'Bootleg Portal Chemist Rick', 'Nick', 'Scroopy Noopers', 'Tina-Teers', 'Eddie', 'Mr. Goldenfold', 'Tiny Rick', 'Ethan', 'Thomas Lipnip', 'Snuffles', 'Brad', 'Zeep Xanflorp', 'Lighthouse Keeper']"
Morty Smith (304-X),https://rickandmorty.fandom.com/wiki/Morty_Smith_(304-X),"['Jerry Smith (304-X)', 'Beth Smith (304-X)', 'Summer Smith (304-X)', 'Morty Smith (C-132)', 'Rick Sanchez (C-132)', 'Rick Sanchez', 'Summer Smith', 'Jerry Smith', 'Beth Smith']"
Morty Smith (C-132),https://rickandmorty.fandom.com/wiki/Morty_Smith_(C-132),"['Beth Smith (C-132)', 'Summer Smith (C-132)', 'Rick Sanchez (C-132)', 'Morty Smith', 'Morty Jr.', 'Scary Terry']"
Morty Smith (Evil Rick's Target Dimension),https://rickandmorty.fandom.com/wiki/Morty_Smith_(Evil_Rick%27s_Target_Dimension),"[""Jerry Smith (Evil Rick's Target Dimension)"", ""Beth Smith (Evil Rick's Target Dimension)"", ""Summer Smith (Evil Rick's Target Dimension)"", ""Rick Sanchez (Evil Rick's Target Dimension)"", 'Morty Smith', 'Evil Rick Sanchez', 'Evil Morty', 'Rick Sanchez', 'Summer Smith', 'Jerry Smith', 'Beth Smith']"
Morty Smith (K-22),https://rickandmorty.fandom.com/wiki/Morty_Smith_(K-22),"['Rick Sanchez (K-22)', 'Rick Sanchez', 'Morty Smith']"
Morty Smith (Replacement Dimension),https://rickandmorty.fandom.com/wiki/Morty_Smith_(Replacement_Dimension),"['Jerry Smith', 'Beth Smith', 'Summer Smith', 'Hemorrhage', 'Leonard Smith', 'Joyce Smith', 'Unnamed Uncle', 'Rick Sanchez (Replacement Dimension)', 'Diane Sanchez', 'Jessica', 'Annie', 'Morty Smith', 'Rick Sanchez']"
Morty's Girlfriend,https://rickandmorty.fandom.com/wiki/Morty%27s_Girlfriend,['Morty Smith']
Mortytown Locos,https://rickandmorty.fandom.com/wiki/Mortytown_Locos,"['Bootleg Portal Chemist Rick', 'Evil Morty']"
Mr. Always Wants To Be Hunted,https://rickandmorty.fandom.com/wiki/Mr._Always_Wants_To_Be_Hunted,['Mr. Poopybutthole']
Mr. Beauregard,https://rickandmorty.fandom.com/wiki/Mr._Beauregard,"['Memory Parasites', 'Cousin Nicky', 'Jerry Smith', 'Morty Smith', 'Rick Sanchez']"
Mr. Benson,https://rickandmorty.fandom.com/wiki/Mr._Benson,"['Rick Sanchez', 'Morty Smith', 'Summer Smith']"
Mr. Booby Buyer,https://rickandmorty.fandom.com/wiki/Mr._Booby_Buyer,"['Rick Sanchez', 'Morty Smith']"
Mr. Goldenfold,https://rickandmorty.fandom.com/wiki/Mr._Goldenfold,"['Morty Smith', 'Mrs. Pancakes', 'Rick Sanchez', 'Jessica', 'Summer Smith']"
Mr. Goldenfold (Wasp Universe),https://rickandmorty.fandom.com/wiki/Mr._Goldenfold_(Wasp_Universe),"[""Mr. Goldenfold's Larvae"", 'Mr. Goldenfold', 'Rick Sanchez']"
Mr. Goldenfold's Larvae,https://rickandmorty.fandom.com/wiki/Mr._Goldenfold%27s_Larvae,"['Mr. Goldenfold (Wasp Universe)', 'Mr. Goldenfold']"
Mr. Marklovitz,https://rickandmorty.fandom.com/wiki/Mr._Marklovitz,"['Kl’iiik Mijupsrit', 'Jerry Smith', 'Unity']"
Mr. Meeseeks,https://rickandmorty.fandom.com/wiki/Mr._Meeseeks,"['Mr. Meeseeks (Kirkland)', 'Rick Sanchez', 'Jerry Smith']"
Mr. Meeseeks (Kirkland),https://rickandmorty.fandom.com/wiki/Mr._Meeseeks_(Kirkland),"['Mr. Meeseeks', 'Rick Sanchez', 'Wasp Rick', 'Morty Smith']"
Mr. Nimbus,https://rickandmorty.fandom.com/wiki/Mr._Nimbus,"['Rick Sanchez', 'Morty Smith', 'Space Cruiser', 'Jerry Smith', 'Beth Smith', 'Jessica']"
Mr. Poopybutthole,https://rickandmorty.fandom.com/wiki/Mr._Poopybutthole,"['Mrs. Poopybutthole', 'Baby Poopybutthole', 'Rick Sanchez', 'Beth Smith', 'Cousin Nicky', 'Darth Poopybutthole']"
Mr. Poopybutthole's Cat,https://rickandmorty.fandom.com/wiki/Mr._Poopybutthole%27s_Cat,"['Mr. Poopybutthole', 'Mrs. Poopybutthole', ""Mr. Poopybutthole's Dog""]"
Mr. Poopybutthole's Dog,https://rickandmorty.fandom.com/wiki/Mr._Poopybutthole%27s_Dog,"['Mr. Poopybutthole', 'Mrs. Poopybutthole', ""Mr. Poopybutthole's Cat"", 'Baby Poopybutthole']"
Mr. Sneezy,https://rickandmorty.fandom.com/wiki/Mr._Sneezy,[]
Mr. Youseeks,https://rickandmorty.fandom.com/wiki/Mr._Youseeks,"['Mr. Meeseeks', 'The Garage', 'Rick Sanchez']"
Mrs. Lipnip,https://rickandmorty.fandom.com/wiki/Mrs._Lipnip,"['Joseph Lipnip', 'Thomas Lipnip', ""Tommy's Clone"", 'Rick Sanchez', 'Beth Smith']"
Mrs. Pancakes,https://rickandmorty.fandom.com/wiki/Mrs._Pancakes,"['Mr. Goldenfold', 'Rick Sanchez', 'Morty Smith', 'Centaur', 'The Little Girl', 'Scary Terry']"
Mrs. Poopybutthole,https://rickandmorty.fandom.com/wiki/Mrs._Poopybutthole,"['Mr. Poopybutthole', 'Baby Poopybutthole', 'Morty Smith', 'Summer Smith', 'Gromflomites']"
Mrs. Refrigerator,https://rickandmorty.fandom.com/wiki/Mrs._Refrigerator,"['Memory Parasites', 'Beth Smith', 'Rick Sanchez']"
Mrs. Sullivan,https://rickandmorty.fandom.com/wiki/Mrs._Sullivan,['Jerry Smith (C-500A)']
Mysterious Rick,https://rickandmorty.fandom.com/wiki/Mysterious_Rick,"['Morty Smith', 'Riq IV']"
Nancy,https://rickandmorty.fandom.com/wiki/Nancy,"['Summer Smith', 'Rick Sanchez', 'Morty Smith', 'Abrodolph Lincoler', 'Beth Smith']"
Naruto Smith,https://rickandmorty.fandom.com/wiki/Naruto_Smith,"['Morty Smith', 'Summer Smith', 'Jerry Smith', 'Beth Smith', ""Rick's Foal"", 'Morty Jr.', 'Rick Sanchez', 'Diane Sanchez', 'Leonard Smith', 'Joyce Smith', 'Unnamed Uncle', ""Rick's Father"", 'Sticky']"
Nick,https://rickandmorty.fandom.com/wiki/Nick,"['Morty Smith', 'Rick Sanchez', 'Jerry Smith', 'Mr. Nimbus']"
Nippalians,https://rickandmorty.fandom.com/wiki/Nippalians,['Unity']
Noob-Noob,https://rickandmorty.fandom.com/wiki/Noob-Noob,"['Rick Sanchez', 'Morty Smith', 'Logic', 'Mr. Poopybutthole', 'Stealy', 'Benjamin']"
Numbericons,https://rickandmorty.fandom.com/wiki/Numbericons,['Water-T']
Octopus Man,https://rickandmorty.fandom.com/wiki/Octopus_Man,[]
Old Reptile,https://rickandmorty.fandom.com/wiki/Old_Reptile,"['Shrimply Pibbles', 'Jerry Smith']"
Pants on Head Mutant Morty,https://rickandmorty.fandom.com/wiki/Pants_on_Head_Mutant_Morty,[]
Pat Guterman,https://rickandmorty.fandom.com/wiki/Pat_Guterman,"['Donna Guterman', 'Tammy Guterman', 'Birdperson', 'Jerry Smith', 'Beth Smith']"
Paul Fleishman,https://rickandmorty.fandom.com/wiki/Paul_Fleishman,"['Beth Smith', 'Summer Smith', 'Morty Smith', 'Rick Sanchez', 'Jerry Smith']"
Pawnshop Clerk,https://rickandmorty.fandom.com/wiki/Pawnshop_Clerk,"['Rick Sanchez', 'Morty Smith', 'Gwendolyn']"
Pencilvester,https://rickandmorty.fandom.com/wiki/Pencilvester,"['Memory Parasites', 'Rick Sanchez', 'Morty Smith']"
Phillip Jacobs,https://rickandmorty.fandom.com/wiki/Phillip_Jacobs,"['Rick Sanchez', 'Morty Smith']"
Photography Cyborgs,https://rickandmorty.fandom.com/wiki/Photography_Cyborgs,"['Birdperson', 'Tammy Guterman', 'Rick Sanchez']"
Photography Raptor,https://rickandmorty.fandom.com/wiki/Photography_Raptor,"['Memory Parasites', 'Mr. Beauregard', 'Morty Smith']"
Pichael Thompson,https://rickandmorty.fandom.com/wiki/Pichael_Thompson,['Michael Thompson']
Pickle Rick (character),https://rickandmorty.fandom.com/wiki/Pickle_Rick_(character),['Rick Sanchez']
Pickles the Drummer,https://rickandmorty.fandom.com/wiki/Pickles_the_Drummer,[]
Piece of Toast,https://rickandmorty.fandom.com/wiki/Piece_of_Toast,"['Rick Sanchez', 'Bobby Moynihan', 'Two Guys with Handlebar Mustaches', 'Man Painted Silver Who Makes Robot Noises', 'Garmanarnar', 'Three Unknown Things', 'Hole in the Wall Where the Men Can See it All']"
Pink Sentient Switchblade,https://rickandmorty.fandom.com/wiki/Pink_Sentient_Switchblade,"['Beth Smith', 'Rick Sanchez', 'Thomas Lipnip']"
Planetina,https://rickandmorty.fandom.com/wiki/Planetina,"['Tina-Teers', 'Morty Smith', 'Diesel Weasel']"
Plumber Rick,https://rickandmorty.fandom.com/wiki/Plumber_Rick,['Rick Sanchez']
Plutonian,https://rickandmorty.fandom.com/wiki/Plutonian,"['King Flippy Nips', 'Scroopy Noopers']"
Pom Poms,https://rickandmorty.fandom.com/wiki/Pom_Poms,"['Risotto Groupon', 'Rick Sanchez']"
Poncho,https://rickandmorty.fandom.com/wiki/Poncho,"['Dr. Xenon Bloom', 'Morty Smith', 'Diseases', 'Annie']"
Poop Jesus,https://rickandmorty.fandom.com/wiki/Poop_Jesus,['Jesus Christ']
Poñeta,https://rickandmorty.fandom.com/wiki/Po%C3%B1eta,"['Chud King', 'Rick Sanchez', ""Rick's Foal"", 'Morty Smith']"
Presidentress of the Mega Gargantuans,https://rickandmorty.fandom.com/wiki/Presidentress_of_the_Mega_Gargantuans,"['Rick Sanchez', 'Morty Smith', 'The President']"
Priest Witherspoon,https://rickandmorty.fandom.com/wiki/Priest_Witherspoon,"['Josiah', 'Jeff', 'Maggie', 'Summer Smith', 'Richard']"
Prince Nebulon,https://rickandmorty.fandom.com/wiki/Prince_Nebulon,"['Rick Sanchez', 'Kevin', 'Morty Smith', 'Jerry Smith (Cronenberged dimension)', 'Jerry Smith']"
Principal Vagina,https://rickandmorty.fandom.com/wiki/Principal_Vagina,"['Frank Palicky', 'Mr. Meeseeks', 'Lucius Needful', 'Ethan', 'Gordon Lunas']"
Pripudlians,https://rickandmorty.fandom.com/wiki/Pripudlians,['Rick Sanchez']
Professor Shabooboo,https://rickandmorty.fandom.com/wiki/Professor_Shabooboo,"['The President', 'Summer Smith', 'Morty Smith']"
Professor Tock,https://rickandmorty.fandom.com/wiki/Professor_Tock,"['Rick Sanchez (C-132)', 'Morty Smith (C-132)']"
Purge Planet Ruler,https://rickandmorty.fandom.com/wiki/Purge_Planet_Ruler,"['Rick Sanchez', 'Morty Smith', 'Arthricia']"
Pussifer,https://rickandmorty.fandom.com/wiki/Pussifer,[]
Quantum Rick,https://rickandmorty.fandom.com/wiki/Quantum_Rick,"['Council of Ricks', 'Rick Sanchez', 'Commander Rick']"
Randy Dicknose,https://rickandmorty.fandom.com/wiki/Randy_Dicknose,['Michael McLick']
Real Fake Doors Salesman,https://rickandmorty.fandom.com/wiki/Real_Fake_Doors_Salesman,[]
Rebel Doctor,https://rickandmorty.fandom.com/wiki/Rebel_Doctor,['Garblovians']
Red Grin Grumble,https://rickandmorty.fandom.com/wiki/Red_Grin_Grumble,"['Rick Sanchez', 'Jerry Smith', 'Morty Smith', 'Summer Smith']"
Reggie,https://rickandmorty.fandom.com/wiki/Reggie,"['Hephaestus', 'Ticktock', 'Florflok', 'Squeeb', 'Gaia', 'Rick Sanchez', 'Morty Smith']"
Regional Manager Rick,https://rickandmorty.fandom.com/wiki/Regional_Manager_Rick,"['Rick Sanchez (J-22)', 'Cool Rick', 'Evil Morty']"
Regular Legs,https://rickandmorty.fandom.com/wiki/Regular_Legs,['Baby Legs']
Reverse Giraffe,https://rickandmorty.fandom.com/wiki/Reverse_Giraffe,"['Memory Parasites', 'Sleepy Gary', 'Rick Sanchez', 'Hamurai', 'Ghost in a Jar', 'Beth Smith', 'Morty Smith']"
Reverse Rick Outrage,https://rickandmorty.fandom.com/wiki/Reverse_Rick_Outrage,"['Adjudicator Rick', 'Evil Morty']"
"Revolio Clockberg, Jr.","https://rickandmorty.fandom.com/wiki/Revolio_Clockberg,_Jr.","['Rick Sanchez', 'Morty Smith', 'Jessica', 'Fart', 'Noob-Noob']"
Ricardo Montoya,https://rickandmorty.fandom.com/wiki/Ricardo_Montoya,"['Rick Sanchez', 'Big Fat Rick', 'Hothead Rick', 'Little Ricky Wrap-it-up']"
Richard,https://rickandmorty.fandom.com/wiki/Richard,[]
Rick D. Sanchez III,https://rickandmorty.fandom.com/wiki/Rick_D._Sanchez_III,"['Shadow Council of Ricks', 'Rick Sanchez', 'Simple Rick', 'Evil Morty', 'Garment District Rick']"
Rick Guilt Rick,https://rickandmorty.fandom.com/wiki/Rick_Guilt_Rick,[]
Rick Prime,https://rickandmorty.fandom.com/wiki/Rick_Prime,"['Council of Ricks', 'Rick Sanchez']"
Rick Sanchez,https://rickandmorty.fandom.com/wiki/Rick_Sanchez,"['Mr. Nimbus', 'Big Fat Rick', 'Evil Morty', 'Beth Sanchez (C-137)', 'Jerry Smith (Cronenberged dimension)', 'Summer Smith (Cronenberged dimension)', 'Morty Smith', 'Beth Smith', 'Summer Smith', 'Jerry Smith', 'Morty Jr.', 'Naruto Smith', 'Diane Sanchez', 'Poñeta', ""Rick's Foal"", 'Unity', 'Gaia', 'Balthromaw', 'Weird Rick', 'Birdperson', 'Squanchy', 'Fart', 'Mr. Poopybutthole', 'Tammy Guterman', 'Arthricia', 'Mr. Goldenfold', 'Evil Rick Sanchez', 'Council of Ricks', 'Shleemypants', 'Krombopulos Michael', 'Gromflomites', 'SEAL Team Ricks', 'Blim Blam', 'Jessica', 'Lucius Needful', 'Snuffles', 'Kiara', 'Trandor', 'Wasp Rick', 'Doofus Rick']"
Rick Sanchez (C-132),https://rickandmorty.fandom.com/wiki/Rick_Sanchez_(C-132),"['Beth Smith (C-132)', 'Summer Smith (C-132)', 'Morty Smith (C-132)', 'Rick Sanchez', 'Morty Smith', 'Summer Smith', 'Jerry Smith', 'Beth Smith']"
Rick Sanchez (D-99),https://rickandmorty.fandom.com/wiki/Rick_Sanchez_(D-99),"['SEAL Team Ricks', 'Rick Sanchez', 'Morty Smith', 'Summer Smith', 'Gromflomites', 'Commander Rick']"
Rick Sanchez (Evil Rick's Target Dimension),https://rickandmorty.fandom.com/wiki/Rick_Sanchez_(Evil_Rick%27s_Target_Dimension),"[""Beth Smith (Evil Rick's Target Dimension)"", ""Jerry Smith (Evil Rick's Target Dimension)"", ""Summer Smith (Evil Rick's Target Dimension)"", ""Morty Smith (Evil Rick's Target Dimension)"", 'Rick Sanchez', 'Evil Rick Sanchez', 'Evil Morty', 'Morty Smith', 'Summer Smith', 'Jerry Smith', 'Beth Smith']"
Rick Sanchez (J-22),https://rickandmorty.fandom.com/wiki/Rick_Sanchez_(J-22),"['Rick Sanchez', 'Simple Rick', 'Rick D. Sanchez III', 'Cool Rick', 'Regional Manager Rick']"
Rick Sanchez (J19α7),https://rickandmorty.fandom.com/wiki/Rick_Sanchez_(J19%CE%B17),['Doofus Rick']
Rick Sanchez (K-22),https://rickandmorty.fandom.com/wiki/Rick_Sanchez_(K-22),"['Morty Smith (K-22)', 'Rick Sanchez', 'Morty Smith']"
Rick Sanchez (Replacement Dimension),https://rickandmorty.fandom.com/wiki/Rick_Sanchez_(replacement_dimension),"['Diane Sanchez', 'Beth Smith', 'Jerry Smith', 'Summer Smith', 'Morty Smith (Replacement Dimension)', 'Hemorrhage', 'Unity', 'Rick Sanchez', 'Morty Smith']"
Rick's Father,https://rickandmorty.fandom.com/wiki/Rick%27s_Father,"['Rick Sanchez', 'Diane Sanchez', 'Beth Smith', ""Rick's Foal"", 'Jerry Smith', 'Sleepy Gary', 'Summer Smith', 'Morty Smith', 'Hemorrhage', 'Morty Jr.', 'Unity', 'Rick D. Sanchez III']"
Rick's Foal,https://rickandmorty.fandom.com/wiki/Rick%27s_Foal,"['Rick Sanchez', 'Poñeta', 'Beth Smith', 'Jerry Smith', 'Morty Smith', 'Summer Smith', 'Morty Jr.', 'Naruto Smith', 'Hemorrhage', 'Chud King', ""Rick's Father""]"
Ricktiminus Sancheziminius,https://rickandmorty.fandom.com/wiki/Ricktiminus_Sancheziminius,"['Council of Ricks', 'Rick Sanchez', 'Rick Prime', 'Maximums Rickimus', 'Quantum Rick', 'Zeta Alpha Rick', 'Riq IV', 'The Scientist Formerly Known as Rick', 'Evil Rick Sanchez', 'Morty Smith', 'SEAL Team Ricks']"
Riq IV,https://rickandmorty.fandom.com/wiki/Riq_IV,"['Council of Ricks', 'Rick Sanchez', 'Summer Smith', 'Morty Smith', 'Rick Prime', 'Maximums Rickimus', 'Quantum Rick', 'Zeta Alpha Rick', 'Ricktiminus Sancheziminius', 'The Scientist Formerly Known as Rick', 'Evil Rick Sanchez', 'SEAL Team Ricks']"
Risotto Groupon,https://rickandmorty.fandom.com/wiki/Risotto_Groupon,"['Pom Poms', 'Jerry Smith', 'Rick Sanchez']"
Robert,https://rickandmorty.fandom.com/wiki/Robert,"['Summer Smith (C-132)', 'Rick Sanchez (C-132)', 'Space Cruiser']"
Robobros,https://rickandmorty.fandom.com/wiki/Robobros,"['Rick Sanchez', 'Morty Smith', 'Summer Smith']"
Robot Morty,https://rickandmorty.fandom.com/wiki/Robot_Morty,"['Robot Rick', 'Morty Smith']"
Robot Rick,https://rickandmorty.fandom.com/wiki/Robot_Rick,"['Robot Morty', 'Rick Sanchez']"
Robot Soldiers,https://rickandmorty.fandom.com/wiki/Robot_Soldiers,['Rick Sanchez']
Roger,https://rickandmorty.fandom.com/wiki/Roger,['Dr. Xenon Bloom']
Ron Benson,https://rickandmorty.fandom.com/wiki/Ron_Benson,"['Nippalians', 'Unity']"
Rose,https://rickandmorty.fandom.com/wiki/Rose,"['Dale', ""Dale's Son"", 'Rick Sanchez', 'Morty Smith']"
Roy,https://rickandmorty.fandom.com/wiki/Roy,"['Morty Smith', 'Rick Sanchez']"
Ruben,https://rickandmorty.fandom.com/wiki/Ruben,"['Tammy Guterman', 'Birdperson', 'Squanchy', 'Mr. Poopybutthole', 'Krombopulos Michael', 'Mr. Meeseeks', 'Rick Sanchez', 'Dr. Xenon Bloom', 'Morty Smith', 'Annie', 'Jacob Philip', 'Ethan']"
Running Bird,https://rickandmorty.fandom.com/wiki/Running_Bird,"['Maggie', 'Jeff', 'Richard']"
Rurtaugh,https://rickandmorty.fandom.com/wiki/Rurtaugh,"['Gromflomites', 'Rick Sanchez', 'Mr. Meeseeks', 'Miggs', 'Morty Smith', 'Summer Smith']"
Salesman Rick,https://rickandmorty.fandom.com/wiki/Salesman_Rick,"['Courier Flap', 'Rick Sanchez']"
Samantha,https://rickandmorty.fandom.com/wiki/Samantha,"['Mr. Meeseeks', 'Jerry Smith (Cronenberged dimension)']"
Scary Brandon,https://rickandmorty.fandom.com/wiki/Scary_Brandon,"['Scary Terry', 'Scary Melissa']"
Scary Glenn,https://rickandmorty.fandom.com/wiki/Scary_Glenn,"['Scary Terry', 'Rick Sanchez']"
Scary Melissa,https://rickandmorty.fandom.com/wiki/Scary_Melissa,"['Scary Terry', 'Scary Brandon', 'Rick Sanchez', 'Morty Smith']"
Scary Terry,https://rickandmorty.fandom.com/wiki/Scary_Terry,"['Scary Melissa', 'Scary Brandon', 'Rick Sanchez', 'Morty Smith']"
Schlami,https://rickandmorty.fandom.com/wiki/Schlami,[]
Scroopy Noopers,https://rickandmorty.fandom.com/wiki/Scroopy_Noopers,"['Plutonian', 'King Flippy Nips', 'Jerry Smith', 'Morty Smith']"
Scropon,https://rickandmorty.fandom.com/wiki/Scropon,"['Rick Sanchez', 'Morty Smith', 'Revolio Clockberg, Jr.', 'Birdperson', 'Tammy Guterman', 'Beth Smith', 'Gromflomites']"
Scrotians,https://rickandmorty.fandom.com/wiki/Scrotians,"['Cromulons', 'Birdperson', 'Tammy Guterman', 'Rick Sanchez', 'Logic']"
SEAL Team Ricks,https://rickandmorty.fandom.com/wiki/SEAL_Team_Ricks,"['Rick Sanchez (D-99)', 'Rick Sanchez', 'Council of Ricks', 'Gromflomites', 'Commander Rick']"
Self-Congratulatory Jerry,https://rickandmorty.fandom.com/wiki/Self-Congratulatory_Jerry,['Jerry Smith']
Semosites,https://rickandmorty.fandom.com/wiki/Semosites,"['Rick Sanchez', 'Morty Smith']"
Severnians,https://rickandmorty.fandom.com/wiki/Severnians,[]
Shadow Council of Ricks,https://rickandmorty.fandom.com/wiki/Shadow_Council_of_Ricks,"['Rick D. Sanchez III', 'Garment District Rick', 'Council of Ricks', 'Evil Morty', 'Sheikh Rick']"
Sheikh Rick,https://rickandmorty.fandom.com/wiki/Sheikh_Rick,['Shadow Council of Ricks']
Shimshamians,https://rickandmorty.fandom.com/wiki/Shimshamians,[]
Shleemypants,https://rickandmorty.fandom.com/wiki/Shleemypants,"['Rick Sanchez', 'Chris']"
Shmlamantha Shmlicelli,https://rickandmorty.fandom.com/wiki/Shmlamantha_Shmlicelli,[]
Shmlangela Shmlobinson-Shmlower,https://rickandmorty.fandom.com/wiki/Shmlangela_Shmlobinson-Shmlower,[]
Shmlona Shmlobinson,https://rickandmorty.fandom.com/wiki/Shmlona_Shmlobinson,[]
Shmlonathan Shmlower,https://rickandmorty.fandom.com/wiki/Shmlonathan_Shmlower,[]
Shmlony Shmlicelli,https://rickandmorty.fandom.com/wiki/Shmlony_Shmlicelli,[]
Shmooglite Runner,https://rickandmorty.fandom.com/wiki/Shmooglite_Runner,"['Rick Sanchez', 'Gibble Snake']"
Shnoopy Bloopers,https://rickandmorty.fandom.com/wiki/Shnoopy_Bloopers,['Rick Sanchez']
Shrimp Rick,https://rickandmorty.fandom.com/wiki/Shrimp_Rick,['Rick Sanchez']
Shrimply Pibbles,https://rickandmorty.fandom.com/wiki/Shrimply_Pibbles,"['Jerry Smith', 'Old Reptile']"
Simon,https://rickandmorty.fandom.com/wiki/Simon,"['The President', 'Cromulons', 'General Nathan', 'Rick Sanchez']"
Simple Rick,https://rickandmorty.fandom.com/wiki/Simple_Rick,"['Diane Sanchez', 'Rick D. Sanchez III', 'Rick Sanchez', 'Rick Sanchez (J-22)', 'Regional Manager Rick']"
Simulation Morty,https://rickandmorty.fandom.com/wiki/Simulation_Morty,"['Morty Smith', 'Rick Sanchez']"
Sleepy Gary,https://rickandmorty.fandom.com/wiki/Sleepy_Gary,"['Memory Parasites', 'Beth Smith', 'Jerry Smith', 'Summer Smith', 'Morty Smith', 'Rick Sanchez', 'Diane Sanchez', ""Rick's Father"", 'Hemorrhage', 'Gwendolyn', 'Morty Jr.', 'Mr. Beauregard']"
Slick Morty,https://rickandmorty.fandom.com/wiki/Slick_Morty,"['Teacher Rick', 'Glasses Morty']"
Slippery Stair,https://rickandmorty.fandom.com/wiki/Slippery_Stair,"['Morty Smith', 'Rick Sanchez']"
Slow Mobius,https://rickandmorty.fandom.com/wiki/Slow_Mobius,"['Rick Sanchez', 'Morty Smith', 'Jessica']"
Slow Rick,https://rickandmorty.fandom.com/wiki/Slow_Rick,"['Teacher Rick', 'Rick Sanchez', 'Lucius Needful']"
Smarkians,https://rickandmorty.fandom.com/wiki/Smarkians,[]
Snuffles,https://rickandmorty.fandom.com/wiki/Snuffles,"['Morty Smith', 'Rick Sanchez', 'Jerry Smith']"
Solicitor Rick,https://rickandmorty.fandom.com/wiki/Solicitor_Rick,"['Rick Sanchez', 'Morty Smith', 'Council of Ricks', 'Gromflomites']"
Space Cruiser,https://rickandmorty.fandom.com/wiki/Space_Cruiser,[]
Space Snake,https://rickandmorty.fandom.com/wiki/Space_Snake,[]
Sperm Queen,https://rickandmorty.fandom.com/wiki/Sperm_Queen,"['Morty Smith', 'Sticky', 'Rick Sanchez', 'Jerry Smith', 'Beth Smith', 'Summer Smith']"
Squanchy,https://rickandmorty.fandom.com/wiki/Squanchy,"['Rick Sanchez', 'Tammy Guterman', 'Birdperson']"
Squeeb,https://rickandmorty.fandom.com/wiki/Squeeb,"['Gaia', 'Reggie', 'Ticktock', 'Florflok', 'Rick Sanchez', 'Beth Smith', 'Jerry Smith']"
Stacy,https://rickandmorty.fandom.com/wiki/Stacy,"['Morty Smith', 'Rick Sanchez', 'Toxic Rick', 'Toxic Morty']"
Stair Goblins,https://rickandmorty.fandom.com/wiki/Stair_Goblins,[]
Stealy,https://rickandmorty.fandom.com/wiki/Stealy,['Mr. Poopybutthole']
Steve,https://rickandmorty.fandom.com/wiki/Steve,"['The President', 'Rick Sanchez', 'Morty Smith']"
Steve (Mortyplicity),https://rickandmorty.fandom.com/wiki/Steve_(Mortyplicity),"['The President', 'Rick Sanchez']"
Steven Phillips,https://rickandmorty.fandom.com/wiki/Steven_Phillips,"['Nippalians', 'Unity', 'Summer Smith', 'Morty Smith']"
Steven Smith,https://rickandmorty.fandom.com/wiki/Steven_Smith,"['Memory Parasites', 'Leonard Smith', 'Joyce Smith', 'Jerry Smith', 'Unnamed Uncle', 'Beth Smith', 'Summer Smith', 'Morty Smith', 'Hemorrhage', 'Gwendolyn', 'Morty Jr.', 'Rick Sanchez']"
Sticky,https://rickandmorty.fandom.com/wiki/Sticky,"['Naruto Smith', 'Sperm Queen', 'Morty Smith', 'Rick Sanchez', 'Jerry Smith', 'Beth Smith', 'Summer Smith']"
Story Lord,https://rickandmorty.fandom.com/wiki/Story_Lord,"['Rick Sanchez', 'Morty Smith', 'Jesus Christ']"
Stu,https://rickandmorty.fandom.com/wiki/Stu,"['Prince Nebulon', 'Rick Sanchez', 'Jerry Smith', 'Morty Smith']"
Submarine Nazi,https://rickandmorty.fandom.com/wiki/Submarine_Nazi,['Mr. Beauregard']
Summer Smith,https://rickandmorty.fandom.com/wiki/Summer_Smith,"['Jerry Smith', 'Beth Smith', 'Morty Smith (Replacement Dimension)', 'Morty Smith', 'Naruto Smith', 'Leonard Smith', 'Joyce Smith', 'Unnamed Uncle', 'Rick Sanchez (Replacement Dimension)', 'Rick Sanchez', 'Diane Sanchez', ""Rick's Father"", 'Hemorrhage', 'Gwendolyn', 'Morty Jr.', 'Ethan', 'Frank Palicky', 'Toby Matthews', 'Nancy', 'Grace', 'Tricia Lange', 'Snuffles', 'Lucius Needful', 'Daphne', 'Tammy Guterman', 'Birdperson', 'Jacob Philip', 'Tiny Rick', 'Bruce Chutback', 'Summer Smith (Cronenberged dimension)']"
Summer Smith (304-X),https://rickandmorty.fandom.com/wiki/Summer_Smith_(304-X),"['Jerry Smith (304-X)', 'Beth Smith (304-X)', 'Morty Smith (304-X)', 'Summer Smith (C-132)', 'Rick Sanchez (C-132)', 'Morty Smith (C-132)', 'Morty Smith', 'Jerry Smith', 'Beth Smith']"
Summer Smith (C-132),https://rickandmorty.fandom.com/wiki/Summer_Smith_(C-132),"['Beth Smith (C-132)', 'Morty Smith (C-132)', 'Rick Sanchez (C-132)', 'Summer Smith', 'Mr. Poopybutthole', 'Rick Sanchez', 'Morty Smith', 'Jerry Smith', 'Beth Smith']"
Summer Smith (Cronenberged dimension),https://rickandmorty.fandom.com/wiki/Summer_Smith_(Cronenberged_dimension),"['Jerry Smith (Cronenberged dimension)', 'Morty Smith', 'Leonard Smith', 'Joyce Smith', 'Unnamed Uncle', 'Rick Sanchez', 'Diane Sanchez', ""Rick's Father"", 'Ethan', 'Frank Palicky', 'Summer Smith', 'Snuffles', 'Cronenberg Morty', 'Space Cruiser', 'Tammy Guterman', 'Nancy', 'Jacob Philip', 'Jerry Smith', 'Beth Smith']"
Summer Smith (Evil Rick's Target Dimension),https://rickandmorty.fandom.com/wiki/Summer_Smith_(Evil_Rick%27s_Target_Dimension),"[""Jerry Smith (Evil Rick's Target Dimension)"", ""Beth Smith (Evil Rick's Target Dimension)"", ""Morty Smith (Evil Rick's Target Dimension)"", ""Rick Sanchez (Evil Rick's Target Dimension)"", 'Summer Smith', 'Evil Rick Sanchez', 'Evil Morty']"
Summer Smith (Goldenfold's Dream),https://rickandmorty.fandom.com/wiki/Summer_Smith_(Goldenfold%27s_Dream),"['Mr. Goldenfold', 'Mrs. Pancakes', 'Morty Smith', 'Rick Sanchez']"
Summer's Boyfriend,https://rickandmorty.fandom.com/wiki/Summer%27s_Boyfriend,['Summer Smith']
Summer's Girlfriend,https://rickandmorty.fandom.com/wiki/Summer%27s_Girlfriend,['Summer Smith']
Supernova,https://rickandmorty.fandom.com/wiki/Supernova,"['Alan Rails', 'Million Ants', 'Noob-Noob', 'Vance Maximus', 'Revolio Clockberg, Jr.']"
Supreme Guard Ricks,https://rickandmorty.fandom.com/wiki/Supreme_Guard_Ricks,[]
Taddy Mason,https://rickandmorty.fandom.com/wiki/Taddy_Mason,"['Rick Sanchez', 'Morty Smith']"
Taint Washer,https://rickandmorty.fandom.com/wiki/Taint_Washer,"['Lord Henderfinger', 'Genital Washer', 'Morty Smith', 'Armothy']"
Talking Cat,https://rickandmorty.fandom.com/wiki/Talking_Cat,"['Jerry Smith', 'Rick Sanchez', 'Balthromaw']"
Tammy Guterman,https://rickandmorty.fandom.com/wiki/Tammy_Guterman,"['Jerry Smith', 'Birdperson', 'Pat Guterman', 'Donna Guterman', ""Birdperson's Daughter"", 'Summer Smith', 'Mr. Meeseeks', 'Rick Sanchez', 'Brad', 'Morty Smith', 'Squanchy']"
Task Force Alpha,https://rickandmorty.fandom.com/wiki/Task_Force_Alpha,['The President']
Teacher Rick,https://rickandmorty.fandom.com/wiki/Teacher_Rick,"['Rick Sanchez', 'Lizard Morty', 'Slick Morty', 'Glasses Morty', 'Slow Rick', 'Maximums Rickimus']"
Terry,https://rickandmorty.fandom.com/wiki/Terry,"['Scary Terry', 'Cromulons']"
Terryfolds,https://rickandmorty.fandom.com/wiki/Terryfolds,[]
The Garage,https://rickandmorty.fandom.com/wiki/The_Garage,"['Rick Sanchez', 'Space Cruiser', 'Summer Smith', 'Morty Smith', 'Jessica']"
The Little Girl,https://rickandmorty.fandom.com/wiki/The_Little_Girl,"['Centaur', 'Mrs. Pancakes', 'Mr. Goldenfold', 'Scary Terry']"
The One True Morty,https://rickandmorty.fandom.com/wiki/The_One_True_Morty,"['Morty Smith', 'Evil Rick Sanchez']"
The President,https://rickandmorty.fandom.com/wiki/The_President,"['General Nathan', 'Cromulons', 'Rick Sanchez', 'Morty Smith', 'Water-T', 'Snuffles', 'Naruto Smith']"
The President of the Miniverse,https://rickandmorty.fandom.com/wiki/The_President_of_the_Miniverse,"['Zeep Xanflorp', 'Chris (The Ricks Must Be Crazy)', 'Kyle', 'Rick Sanchez']"
The Scientist Formerly Known as Rick,https://rickandmorty.fandom.com/wiki/The_Scientist_Formerly_Known_as_Rick,"['Council of Ricks', 'Rick Sanchez', 'Evil Rick Sanchez', 'Evil Morty']"
Thomas Lipnip,https://rickandmorty.fandom.com/wiki/Thomas_Lipnip,"[""Tommy's Clone"", 'Joseph Lipnip', 'Mrs. Lipnip', 'Beth Smith', 'Rick Sanchez']"
Three Unknown Things,https://rickandmorty.fandom.com/wiki/Three_Unknown_Things,"['Piece of Toast', 'Two Guys with Handlebar Mustaches', 'Man Painted Silver Who Makes Robot Noises', 'Garmanarnar', 'Hole in the Wall Where the Men Can See it All', 'Bobby Moynihan']"
Ticktock,https://rickandmorty.fandom.com/wiki/Ticktock,"['Gaia', 'Reggie', 'Florflok', 'Squeeb', 'Rick Sanchez', 'Beth Smith', 'Jerry Smith']"
Time Bird,https://rickandmorty.fandom.com/wiki/Time_Bird,[]
Tina-Teers,https://rickandmorty.fandom.com/wiki/Tina-Teers,"['Eddie', 'Xing Ho', 'Planetina', 'Morty Smith']"
Tinkles,https://rickandmorty.fandom.com/wiki/Tinkles,['Memory Parasites']
Tiny Rick,https://rickandmorty.fandom.com/wiki/Tiny_Rick,"['Rick Sanchez', 'Morty Smith', 'Coach Feratu']"
Toby Matthews,https://rickandmorty.fandom.com/wiki/Toby_Matthews,"['Summer Smith', 'Tiny Rick', 'Ethan']"
Todd Crystal,https://rickandmorty.fandom.com/wiki/Todd_Crystal,"['Nippalians', 'Unity']"
Tommy's Clone,https://rickandmorty.fandom.com/wiki/Tommy%27s_Clone,"['Thomas Lipnip', 'The Garage', 'Joseph Lipnip', 'Mrs. Lipnip', 'Beth Smith', 'Rick Sanchez']"
Tony's Wife,https://rickandmorty.fandom.com/wiki/Tony%27s_Wife,['Rick Sanchez']
Tophat Jones,https://rickandmorty.fandom.com/wiki/Tophat_Jones,[]
Tortured Mortys,https://rickandmorty.fandom.com/wiki/Tortured_Mortys,"['Evil Rick Sanchez', 'Morty Smith', 'Rick Sanchez']"
Tough Rat,https://rickandmorty.fandom.com/wiki/Tough_Rat,['Rick Sanchez']
Toxic Morty,https://rickandmorty.fandom.com/wiki/Toxic_Morty,"['Toxic Rick', 'Morty Smith', 'Rick Sanchez', 'Healthy Rick']"
Toxic Rick,https://rickandmorty.fandom.com/wiki/Toxic_Rick,"['Toxic Morty', 'Rick Sanchez', 'Healthy Rick', 'Morty Smith', 'Stacy', 'Space Cruiser']"
Traflorkians,https://rickandmorty.fandom.com/wiki/Traflorkians,"['Rick Sanchez', 'Dr. Glip-Glop', 'Jerry Smith']"
Trandor,https://rickandmorty.fandom.com/wiki/Trandor,"['Kiara', 'Morty Smith']"
Tricia Lange,https://rickandmorty.fandom.com/wiki/Tricia_Lange,"['Ethan', 'Summer Smith', 'Morty Smith', 'Jessica', 'Holly Hooks', 'Brad', 'Nancy', 'Jerry Smith', 'Tammy Guterman']"
Trunk Morty,https://rickandmorty.fandom.com/wiki/Trunk_Morty,"['Trunk People', 'Morty Smith', 'Evil Morty', 'Crystallized Morty', 'Michael Denny and the Denny Singers']"
Trunk People,https://rickandmorty.fandom.com/wiki/Trunk_People,"['Trunk Morty', 'Morty Smith']"
Truth Tortoise,https://rickandmorty.fandom.com/wiki/Truth_Tortoise,"['Rick Sanchez', 'Morty Smith']"
Tumblorkians,https://rickandmorty.fandom.com/wiki/Tumblorkians,['Shrimply Pibbles']
Tusked Assassin,https://rickandmorty.fandom.com/wiki/Tusked_Assassin,"['Risotto Groupon', 'Rick Sanchez', 'Jerry Smith', 'Gibble Snake']"
Two Crows,https://rickandmorty.fandom.com/wiki/Two_Crows,"['Crowscare', 'Rick Sanchez', 'Morty Smith']"
Two Guys with Handlebar Mustaches,https://rickandmorty.fandom.com/wiki/Two_Guys_with_Handlebar_Mustaches,"['Piece of Toast', 'Man Painted Silver Who Makes Robot Noises', 'Garmanarnar', 'Three Unknown Things', 'Hole in the Wall Where the Men Can See it All', 'Bobby Moynihan']"
Unity,https://rickandmorty.fandom.com/wiki/Unity,"['Rick Sanchez', 'Beta-Seven', 'Morty Smith', 'Nippalians']"
Unmuscular Michaels,https://rickandmorty.fandom.com/wiki/Unmuscular_Michaels,[]
Unnamed Uncle,https://rickandmorty.fandom.com/wiki/Unnamed_Uncle,"['Joyce Smith', 'Steven Smith', 'Jerry Smith', 'Beth Smith', 'Summer Smith', 'Morty Smith', 'Hemorrhage', 'Gwendolyn', 'Morty Jr.']"
Vampire Master,https://rickandmorty.fandom.com/wiki/Vampire_Master,['Coach Feratu']
Vance Maximus,https://rickandmorty.fandom.com/wiki/Vance_Maximus,"['Morty Smith', 'Worldender']"
Ventriloquiver,https://rickandmorty.fandom.com/wiki/Ventriloquiver,[]
Vermigurber,https://rickandmorty.fandom.com/wiki/Vermigurber,[]
Visor Rick,https://rickandmorty.fandom.com/wiki/Visor_Rick,"['Rick Sanchez', 'Morty Smith', 'Council of Ricks']"
Voltamatron,https://rickandmorty.fandom.com/wiki/Voltamatron,['Morty Smith']
Vulvorvians,https://rickandmorty.fandom.com/wiki/Vulvorvians,['Rick Sanchez']
Warlord of Titan,https://rickandmorty.fandom.com/wiki/Warlord_of_Titan,"['Morty Smith', 'Summer Smith', 'Beth Smith', 'Rick Sanchez', 'Jerry Smith', 'Warlord of Titan']"
Wasp Rick,https://rickandmorty.fandom.com/wiki/Wasp_Rick,"['Rick Sanchez', 'Mr. Goldenfold (Wasp Universe)', 'Hologram Rick']"
Water-T,https://rickandmorty.fandom.com/wiki/Water-T,"['Helium-Q', 'Cromulons', 'The President', 'Rick Sanchez', 'Morty Smith', 'Numbericons']"
Wedding Bartender,https://rickandmorty.fandom.com/wiki/Wedding_Bartender,"['Tammy Guterman', 'Birdperson', 'Rick Sanchez', 'Morty Smith']"
Weird Rick,https://rickandmorty.fandom.com/wiki/Weird_Rick,"['Diane Sanchez', 'Rick Sanchez', 'Beth Sanchez (C-137)', 'Morty Smith']"
Western Morty,https://rickandmorty.fandom.com/wiki/Western_Morty,"['Council of Ricks', 'Western Rick', 'Morty Smith', 'Rick Sanchez']"
Western Rick,https://rickandmorty.fandom.com/wiki/Western_Rick,"['Council of Ricks', 'Western Morty', 'Rick Sanchez', 'Morty Smith', 'Salesman Rick', 'Afro Rick']"
Wharborgarbors,https://rickandmorty.fandom.com/wiki/Wharborgarbors,"['Morty Smith', 'Abrodolph Lincoler']"
Woman Rick,https://rickandmorty.fandom.com/wiki/Woman_Rick,"['Rick Sanchez', 'Morty Smith', 'Council of Ricks']"
Worldender,https://rickandmorty.fandom.com/wiki/Worldender,"['Vance Maximus', 'Rick Sanchez']"
Xing Ho,https://rickandmorty.fandom.com/wiki/Xing_Ho,"['Planetina', 'Morty Smith', 'Eddie']"
Xorjhans,https://rickandmorty.fandom.com/wiki/Xorjhans,[]
Yaarb,https://rickandmorty.fandom.com/wiki/Yaarb,"['Shrimply Pibbles', 'Jerry Smith']"
Yellow Headed Doctor,https://rickandmorty.fandom.com/wiki/Yellow_Headed_Doctor,['Shrimply Pibbles']
Yellow Shirt Rick,https://rickandmorty.fandom.com/wiki/Yellow_Shirt_Rick,"['Blue Shirt Morty', 'Rick Sanchez', 'Morty Smith', 'Council of Ricks']"
Zarbadar Gloonch,https://rickandmorty.fandom.com/wiki/Zarbadar_Gloonch,"['Gar Gloonch', 'Unity']"
Zarbadar's Mytholog,https://rickandmorty.fandom.com/wiki/Zarbadar%27s_Mytholog,"['Gar Gloonch', 'Zarbadar Gloonch']"
Zeep Xanflorp,https://rickandmorty.fandom.com/wiki/Zeep_Xanflorp,"['Rick Sanchez', 'Chris (The Ricks Must Be Crazy)', 'Space Cruiser', 'Kyle', 'Chris']"
Zerillians,https://rickandmorty.fandom.com/wiki/Zerillians,['Jerry Smith']
Zeta Alpha Rick,https://rickandmorty.fandom.com/wiki/Zeta_Alpha_Rick,"['Council of Ricks', 'Rick Sanchez', 'Rick Prime', 'Maximums Rickimus', 'Quantum Rick', 'Riq IV', 'Ricktiminus Sancheziminius', 'The Scientist Formerly Known as Rick', 'Evil Rick Sanchez', 'Morty Smith', 'SEAL Team Ricks']"
Jerry Smith,https://rickandmorty.fandom.com/wiki/Jerry_Smith,"['Beth Smith', 'Summer Smith', 'Morty Smith (Replacement Dimension)', 'Morty Smith', 'Morty Jr.', 'Naruto Smith', 'Rick Sanchez (Replacement Dimension)', 'Rick Sanchez', 'Diane Sanchez', ""Rick's Father"", 'Hemorrhage', 'Gwendolyn', 'Leonard Smith', 'Joyce Smith', 'Unnamed Uncle', 'Sleepy Gary', 'Kiara', 'Jerry Smith (Cronenberged dimension)', 'Mr. Meeseeks', 'King Flippy Nips', 'Plutonian', 'Risotto Groupon', 'Tammy Guterman', 'Ethan', 'Doofus Rick', 'Shrimply Pibbles']"
