Source,Target
Abandoned Jerrys,Jerry Smith
Abrodolph Lincoler,Rick Sanchez
Abrodolph Lincoler,Brad
Abrodolph Lincoler,Morty Smith
Abrodolph Lincoler,Nancy
Adjudicator Rick,Evil Morty
Afro Rick,Rick Sanchez
Afro Rick,Morty Smith
Afro Rick,Council of Ricks
Afro Rick,Alien Rick
Afro Rick,Juggling Rick
Afro Rick,Western Rick
Afro Rick,Evil Morty
Agent Gribbles,Gromflomites
Agent Gribbles,Rick Sanchez
Agent Gribbles,Jerry Smith
Alan Rails,Supernova
Alan Rails,Million Ants
Albert Einstein,Rick Sanchez
Albert Einstein,Morty Smith
Albert Einstein,Shleemypants
Alexander,Dr. Xenon Bloom
Alexander,Ruben
Alexander,Poncho
Alexander,Morty Smith
Alexander,Rick Sanchez
Alien Googah,The President
Alien Googah,Rick Sanchez
Alien Googah,Morty Smith
Alien Morty,Alien Rick
Alien Morty,Morty Smith
Alien Rick,Alien Morty
Alien Rick,Rick Sanchez
Alien Rick,Council of Ricks
Alien Rick,Afro Rick
Alien Rick,Morty Smith
Alyson Hannigan,Morty Smith
Alyson Hannigan,Summer Smith
Alyson Hannigan,Bruce Chutback
Alyson Hannigan,Space Cruiser
Amfiddians,Morty Smith
Amfiddians,Birdperson
Amfiddians,Tammy Guterman
Amish Cyborg,Memory Parasites
Amish Cyborg,Hamurai
Annie,Morty Smith
Annie,Ruben
Annie,Dr. Xenon Bloom
Annie,Poncho
Annie,Rick Sanchez
Annie,Ethan
Annie,Diane Sanchez
Antenna Morty,Morty Smith
Antenna Morty,Evil Rick Sanchez
Antenna Morty,Evil Morty
Antenna Rick,Antenna Morty
Antenna Rick,Rick Sanchez
Antenna Rick,Council of Ricks
Antenna Rick,The Scientist Formerly Known as Rick
Antenna Rick,Alien Rick
Ants in my Eyes Morty,Ants in my Eyes Johnson
Aqua Morty,Aqua Rick
Aqua Morty,Morty Smith
Aqua Morty,Rick Sanchez
Aqua Rick,Aqua Morty
Aqua Rick,Rick Sanchez
Aqua Rick,Morty Smith
Aqua Rick,Evil Morty
Arcade Alien,Rick Sanchez
Arm Head Mutant Morty,Council of Ricks
Armagheadon,Cromulons
Armagheadon,Principal Vagina
Armothy,Morty Smith
Armothy,Rick Sanchez
Armothy,Jerry Smith
Armothy,Beth Smith
Arthricia,Morty Smith
Arthricia,Rick Sanchez
Arthricia,Katherine Heffelfinger
Arthricia,Jessica
Arthricia,Annie
Artist Morty,Morty Smith
Baby Legs,Regular Legs
Baby Poopybutthole,Mr. Poopybutthole
Baby Poopybutthole,Mrs. Poopybutthole
Baby Wizard,Memory Parasites
Baby Wizard,Morty Smith
Baby Wizard,Duck with Muscles
Baby Wizard,Reverse Giraffe
Balthromaw,Morty Smith
Balthromaw,Rick Sanchez
Balthromaw,Summer Smith
Balthromaw,Talking Cat
Bearded Lady,Memory Parasites
Bearded Lady,Rick Sanchez
Beebo,Rick Sanchez
Beebo,Morty Smith
Bepisians,Shrimply Pibbles
Bepisians,Jerry Smith
Beta-Seven,Unity
Beta-Seven,Rick Sanchez
Beth Sanchez (C-137),Rick Sanchez
Beth Sanchez (C-137),Diane Sanchez
Beth Sanchez (C-137),Rick's Father
Beth Sanchez (C-137),Rick's Foal
Beth Sanchez (C-137),Morty Smith
Beth Sanchez (C-137),Weird Rick
Beth Sanchez (C-137),Birdperson
Beth Sanchez (C-137),Memory Rick
Beth Sanchez (C-500A),Jerry Smith (C-500A)
Beth Sanchez (C-500A),Beth Smith
Beth Sanchez (C-500A),Rick Sanchez
Beth Sanchez (C-500A),Kristen Stewart
Beth Sanchez (C-500A),Jerry Smith
Beth Sanchez (Simple Rick's Dimension),Simple Rick
Beth Sanchez (Simple Rick's Dimension),Beth Sanchez (C-500A)
Beth Smith,Thomas Lipnip
Beth Smith,Jerry Smith
Beth Smith,Summer Smith
Beth Smith,Morty Smith (Replacement Dimension)
Beth Smith,Morty Smith
Beth Smith,Leonard Smith
Beth Smith,Joyce Smith
Beth Smith,Hemorrhage
Beth Smith,Morty Jr.
Beth Smith,Naruto Smith
Beth Smith,Rick Sanchez (Replacement Dimension)
Beth Smith,Rick Sanchez
Beth Smith,Diane Sanchez
Beth Smith,Rick's Father
Beth Smith,Sleepy Gary
Beth Smith,Davin
Beth Smith,Dr. Wong
Beth Smith,Snuffles
Beth Smith,Jerry Smith (Cronenberged dimension)
Beth Smith,Summer Smith (Cronenberged dimension)
Beth Smith,Jaguar
Beth Smith,Mr. Poopybutthole
Beth Smith,Planetina
Beth Smith,Ethan
Beth Smith,Poñeta
Beth Smith (304-X),Jerry Smith (304-X)
Beth Smith (304-X),Summer Smith (304-X)
Beth Smith (304-X),Morty Smith (304-X)
Beth Smith (304-X),Beth Smith (C-132)
Beth Smith (304-X),Rick Sanchez (C-132)
Beth Smith (304-X),Morty Smith (C-132)
Beth Smith (304-X),Morty Smith
Beth Smith (304-X),Summer Smith
Beth Smith (304-X),Jerry Smith
Beth Smith (C-132),Summer Smith (C-132)
Beth Smith (C-132),Morty Smith (C-132)
Beth Smith (C-132),Rick Sanchez (C-132)
Beth Smith (C-132),Beth Smith
Beth Smith (C-132),Rick Sanchez
Beth Smith (C-132),Morty Smith
Beth Smith (C-132),Summer Smith
Beth Smith (C-132),Jerry Smith
Beth Smith (Evil Rick's Target Dimension),Jerry Smith (Evil Rick's Target Dimension)
Beth Smith (Evil Rick's Target Dimension),Summer Smith (Evil Rick's Target Dimension)
Beth Smith (Evil Rick's Target Dimension),Morty Smith (Evil Rick's Target Dimension)
Beth Smith (Evil Rick's Target Dimension),Rick Sanchez (Evil Rick's Target Dimension)
Beth Smith (Evil Rick's Target Dimension),Beth Smith
Beth Smith (Evil Rick's Target Dimension),Evil Rick Sanchez
Beth Smith (Evil Rick's Target Dimension),Evil Morty
Beth Smith (Evil Rick's Target Dimension),Rick Sanchez
Beth Smith (Evil Rick's Target Dimension),Morty Smith
Beth Smith (Evil Rick's Target Dimension),Summer Smith
Beth Smith (Evil Rick's Target Dimension),Jerry Smith
Beth's Mytholog,Beth Smith
Beth's Mytholog,Jerry's Mytholog
Beth's Mytholog,Ideal Jerry
Beth's Mytholog,Goddess Beth
Big Boobed Waitress,Rick Sanchez
Big Boobed Waitress,Morty Smith
Big Boobed Waitress,Mr. Booby Buyer
Big Fat Rick,Ricardo Montoya
Big Fat Rick,Hothead Rick
Big Fat Rick,Little Ricky Wrap-it-up
Big Fat Rick,Rick Sanchez
Big Morty,Morty Smith
Big Morty,Mortytown Locos
Big Morty's Bodyguard Mortys,Big Morty
Big-Head Morty,Morty Smith
Big-Head Morty,Summer Smith
Big-Head Morty,Council of Ricks
Bill (Dog),Snuffles
Birdperson,Rick Sanchez
Birdperson,Tammy Guterman
Birdperson,Squanchy
Birdperson,Morty Smith
Birdperson,Summer Smith
Birdperson,The Garage
Birdperson,Beth Smith
Birdperson,Gromflomites
Birdperson's Daughter,Birdperson
Birdperson's Daughter,Tammy Guterman
Birdperson's Daughter,Gromflomites
Blazen,Kathy Ireland
Blazen,Rick Sanchez
Blazen,Morty Smith
Blazen,Sticky
Blim Blam,Rick Sanchez
Blim Blam,Beth Smith
Blim Blam,Jerry Smith
Blim Blam,Summer Smith
Blim Blam,Morty Smith
Blue Footprint Guy,Rick Sanchez
Blue Footprint Guy,Morty Smith
Blue Shirt Morty,Yellow Shirt Rick
Blue Shirt Morty,Morty Smith
Blue Shirt Morty,Rick Sanchez
Blue Shirt Morty,Council of Ricks
Bobby Moynihan,Rick Sanchez
Bobby Moynihan,Morty Smith
Bobby Moynihan,Piece of Toast
Bobby Moynihan,Two Guys with Handlebar Mustaches
Bobby Moynihan,Man Painted Silver Who Makes Robot Noises
Bobby Moynihan,Garmanarnar
Bobby Moynihan,Three Unknown Things
Bobby Moynihan,Hole in the Wall Where the Men Can See it All
Boobloosians,David Prime
Boobloosians,Beth Smith
Boobloosians,Jerry Smith
Boobloosians,Tammy Guterman
Boobloosians,Birdperson
Bootleg Portal Chemist Rick,Mortytown Locos
Bootleg Portal Chemist Rick,Evil Morty
Borpocians,Gromflomites
Bova,Hoovy
Bova,Japheth
Bova,Rick Sanchez
Brad,Jessica
Brad,Morty Smith
Brad,Summer Smith
Brad,Rick Sanchez
Brad,Principal Vagina
Brad,Mr. Goldenfold
Brad,Tammy Guterman
Brad,Holly Hooks
Brad,Abrodolph Lincoler
Brad,Squanchy
Brad,Tricia Lange
Brad,Cynthia (Rixty Minutes)
Brad,Kiara
Brad,Bruce Chutback
Brad Anderson,Morty Smith
Brad Anderson,Morty Jr.
Bruce Chutback,Morty Smith
Bruce Chutback,Rick Sanchez
Bruce Chutback,Brad
Bullies,Morty Smith
Bullies,The Garage
Butter Robot,Rick Sanchez
Butter Robot,Morty Smith
Calypso,Lady Katana
Calypso,Diablo Verde
Canklanker Thom,Gromflomites
Canklanker Thom,Rick Sanchez
Catogami,Morty Smith (C-132)
Catogami,Rick Sanchez (C-132)
Catogami,Professor Tock
Centaur,Mrs. Pancakes
Centaur,Mr. Goldenfold
Chris,Chris (The Ricks Must Be Crazy)
Chris,Shleemypants
Chris (The Ricks Must Be Crazy),Chris
Chris (The Ricks Must Be Crazy),Zeep Xanflorp
Chud King,Poñeta
Chud King,Rick's Foal
Chud King,The President
Chud King,Rick Sanchez
Chud King,Morty Smith
Chud King,Sticky
Coach Feratu,Rick Sanchez
Coach Feratu,Tiny Rick
Coach Feratu,Morty Smith
Coach Feratu,Vampire Master
Colossus,Rick Sanchez
Colossus,Morty Smith
Commander Rick,Rick Sanchez
Commander Rick,Rick Sanchez (D-99)
Commander Rick,Quantum Rick
Commander Rick,Council of Ricks
Commander Rick,Beth Sanchez (C-137)
Concerto,Rick Sanchez
Concerto,Morty Smith
Concerto,Jaguar
Conroy,Jerry Smith (Cronenberged dimension)
Cool Rick,Regional Manager Rick
Cool Rick,Rick Sanchez (J-22)
Council of Ricks,Rick Prime
Council of Ricks,Quantum Rick
Council of Ricks,Maximums Rickimus
Council of Ricks,Zeta Alpha Rick
Council of Ricks,Ricktiminus Sancheziminius
Council of Ricks,Riq IV
Council of Ricks,Shadow Council of Ricks
Council of Ricks,Rick Sanchez
Council of Ricks,The Scientist Formerly Known as Rick
Council of Ricks,SEAL Team Ricks
Council of Ricks,Evil Morty
Council of Ricks,Evil Rick Sanchez
Council of Ricks,Morty Smith
Council of Ricks,Summer Smith
Courier Flap,Rick Sanchez
Courier Flap,Birdperson
Cousin Nicky,Memory Parasites
Cousin Nicky,Mr. Poopybutthole
Cousin Nicky,Mr. Beauregard
Cousin Nicky,Rick Sanchez
Crazy Cat Rick,Rick Sanchez (C-132)
Crocubot,Rick Sanchez
Crocubot,Worldender
Cromulons,Armagheadon
Cromulons,Rick Sanchez
Cromulons,General Nathan
Cromulons,Principal Vagina
Cronenberg Morty,Cronenberg Rick
Cronenberg Morty,Morty Smith
Cronenberg Morty,Rick Sanchez
Cronenberg Rick,Cronenberg Morty
Cronenberg Rick,Rick Sanchez
Cronenberg Rick,Morty Smith
Cronenberg Rick,Summer Smith (Cronenberged dimension)
Crop Top Morty,Morty Smith
Crowscare,Rick Sanchez
Crowscare,Two Crows
Crustolomons,Evil Rick Sanchez
Crustolomons,Evil Morty
Crystallized Morty,Morty Smith
Crystallized Morty,Evil Morty
Crystallized Morty,Trunk Morty
Cult Leader Morty,Evil Rick Sanchez
Cult Leader Morty,The One True Morty
Cult Leader Morty,Morty Smith
Curly-haired Rick,Rick Sanchez
Cyclops Morty,Cyclops Rick
Cyclops Morty,Morty Smith
Cyclops Rick,Cyclops Morty
Cyclops Rick,Rick Sanchez
Cyclops Rick,Morty Smith
Cyclops Rick,Solicitor Rick
Cyclops Rick,Evil Morty
Cynthia,Cynthia (Rixty Minutes)
Cynthia,Prince Nebulon
Cynthia,Rick Sanchez
Cynthia (Rixty Minutes),Cynthia
Cynthia (Rixty Minutes),Rick Sanchez
Cynthia (Rixty Minutes),Morty Smith
Cynthia (Rixty Minutes),Mr. Goldenfold
Cynthia (Rixty Minutes),Abrodolph Lincoler
Cynthia (Rixty Minutes),Brad
Dale,Rose
Dale,Dale's Son
Dale,Rick Sanchez
Dale,Morty Smith
Dale's Son,Dale
Dale's Son,Rose
Dale's Son,Rick Sanchez
Dale's Son,Morty Smith
Dangelians,Rick Sanchez
Dangelians,Kozbians
Daron Jefferson,Nippalians
Daron Jefferson,Unity
Darth Poopybutthole,Evil Morty
Darth Poopybutthole,Rick Sanchez
Darth Poopybutthole,Morty Smith
Darth Poopybutthole,Mr. Meeseeks
Darth Poopybutthole,Gazorpians
Darth Poopybutthole,Mr. Poopybutthole
Darth Poopybutthole,Jesus Christ
Dave,Roy
David Letterman,Jerry Smith
David Prime,Boobloosians
Davin,Jerry Smith (Cronenberged dimension)
Davin,Morty Smith
Davin,Brad
Da’hou Ungherstahnk,Flansians
Defiance Doctor,Rick Sanchez
Diablo Verde,Lady Katana
Diablo Verde,Calypso
Diablo Verde,Doom-Nomitron
Diane Sanchez,Rick Sanchez
Diane Sanchez,Beth Sanchez (C-137)
Diane Sanchez,Rick's Father
Diane Sanchez,Weird Rick
Diane Sanchez,Mr. Nimbus
Diane Sanchez,Birdperson
Diane Sanchez,Jessica
Diane Sanchez,Space Cruiser
Diane Sanchez,The Garage
Diesel Weasel,Planetina
Dipper and Mabel Mortys,Morty Smith
Dipper and Mabel Mortys,Summer Smith
Diseases,Ruben
Diseases,Poncho
Diseases,Morty Smith
Diseases,Annie
Diseases,Dr. Xenon Bloom
Donna Guterman,Pat Guterman
Donna Guterman,Tammy Guterman
Donna Guterman,Birdperson
Donna Guterman,Jerry Smith
Donna Guterman,Beth Smith
Donna Guterman,Summer Smith
Doofus Rick,Rick Sanchez (J19α7)
Doofus Rick,Rick Sanchez
Doofus Rick,Jerry Smith
Doofus Rick,Eric Stoltz Mask Morty
Doom-Nomitron,Rick Sanchez
Doom-Nomitron,Morty Smith
Doom-Nomitron,Lady Katana
Doom-Nomitron,Diablo Verde
Doom-Nomitron,Calypso
Dr. Glip-Glop,Rick Sanchez
Dr. Wong,Beth Smith
Dr. Wong,Jerry Smith
Dr. Wong,Pickle Rick (character)
Dr. Wong,Tammy Guterman
Dr. Wong,Mr. Goldenfold
Dr. Wong,Gromflomites
Dr. Xenon Bloom,Rick Sanchez
Dr. Xenon Bloom,Ruben
Dr. Xenon Bloom,Poncho
Dr. Xenon Bloom,Roger
Dr. Xenon Bloom,Annie
Dr. Xenon Bloom,Diseases
Dr. Xenon Bloom,Morty Smith
Dr. Xenon Bloom,Ethan
Drippy Boy,Rick Sanchez
Drippy Boy,Morty Smith
Drippy Boy,Beth Smith
Duck with Muscles,Memory Parasites
Duck with Muscles,Baby Wizard
Duck with Muscles,Morty Smith
Duck with Muscles,Rick Sanchez
Duck with Muscles,Pencilvester
Eddie,Planetina
Eddie,Morty Smith
Eli,Eli's Girlfriend
Eli,Hemorrhage
Eli,Summer Smith
Eli,Rick Sanchez
Eli,Morty Smith
Eli,Armothy
Eli's Girlfriend,Eli
Eli's Girlfriend,Summer Smith
Eli's Girlfriend,Hemorrhage
Eric Stoltz Mask Morty,Morty Smith
Eric Stoltz Mask Morty,Doofus Rick
Ethan,Summer Smith
Ethan,Tricia Lange
Ethan,Jacob Philip
Ethan,Rick Sanchez
Ethan,Toby Matthews
Ethan,Hemorrhage
Ethan,Beth Smith
Ethan,Morty Smith
Evil Beth Clone,Evil Jerry Clone
Evil Beth Clone,Evil Summer Clone
Evil Beth Clone,Beth Smith
Evil Beth Clone,Rick Sanchez
Evil Beth Clone,Morty Smith
Evil Jerry Clone,Evil Beth Clone
Evil Jerry Clone,Evil Summer Clone
Evil Jerry Clone,Jerry Smith
Evil Morty,Morty Smith (304-X)
Evil Morty,Evil Rick Sanchez
Evil Morty,Morty Smith
Evil Morty,Rick Sanchez
Evil Morty,Shadow Council of Ricks
Evil Morty,Council of Ricks
Evil Morty,Investigator Rick
Evil Morty,Story Lord
Evil Rick Sanchez,Evil Morty
Evil Rick Sanchez,Rick Sanchez
Evil Rick Sanchez,Council of Ricks
Evil Rick Sanchez,Morty Smith
Evil Summer Clone,Evil Jerry Clone
Evil Summer Clone,Evil Beth Clone
Evil Summer Clone,Summer Smith
Eyehole Man,Rick Sanchez
Eyehole Man,Morty Smith
Eyehole Man,Jerry Smith
Eyehole Man,Summer Smith
Farmer Rick,Slick Morty
Farmer Rick,Lizard Morty
Farmer Rick,Glasses Morty
Farmer Rick,Evil Morty
Farmer Rick,Morty Smith
Farmer Rick,Rick Sanchez
Fart,Rick Sanchez
Fart,Krombopulos Michael
Fart,Gromflomites
Fart,Morty Smith
Fascist Morty,Rick Sanchez
Fascist Morty,Mr. Meeseeks
Fascist Morty,Evil Morty
Fascist Morty,Morty Smith
Fascist Morty,"Revolio Clockberg, Jr."
Fast Aging Alien,Rick Sanchez
Fast Aging Alien,Morty Smith
Fast Aging Alien,Gromflomites
Father Bob,Cromulons
Flansians,Da’hou Ungherstahnk
Flansians,Beth Smith
Flansians,Jerry Smith
Flansians,Birdperson
Flansians,Tammy Guterman
Florflok,Gaia
Florflok,Reggie
Florflok,Ticktock
Florflok,Squeeb
Florflok,Rick Sanchez
Florflok,Beth Smith
Florflok,Jerry Smith
Frank Palicky,Morty Smith
Frank Palicky,Rick Sanchez
Frank Palicky,Summer Smith (Cronenberged dimension)
Frank Palicky,Jerry Smith (Cronenberged dimension)
Frankenstein's Monster,Tinkles
Frankenstein's Monster,Memory Parasites
Fulgora,Attila Starwar
Fungo,Yaarb
Fungo,Jerry Smith
Fungo,Shrimply Pibbles
Gaia,Florflok
Gaia,Ticktock
Gaia,Squeeb
Gaia,Rick Sanchez
Gaia,Reggie
Galactic Federation President,Gromflomites
Galactic Federation President,Rick Sanchez
Gar Gloonch,Zarbadar Gloonch
Gar Gloonch,Jerry Smith
Gar's Mytholog,Zarbadar Gloonch
Gar's Mytholog,Gar Gloonch
Garblovians,GlorpDieBlorp
Garmanarnar,Piece of Toast
Garmanarnar,Two Guys with Handlebar Mustaches
Garmanarnar,Man Painted Silver Who Makes Robot Noises
Garmanarnar,Three Unknown Things
Garmanarnar,Hole in the Wall Where the Men Can See it All
Garmanarnar,Bobby Moynihan
Garment District Rick,Shadow Council of Ricks
Garment District Rick,Rick Sanchez
Garment District Rick,Council of Ricks
Garment District Rick,Evil Morty
Gazorpazorpfield (Character),Gazorpians
Gazorpazorpfield (Character),Jon
Gazorpazorpfield (Character),Rick Sanchez
Gazorpazorpfield (Character),Morty Smith
Gazorpians,Morty Jr.
Gazorpians,Mar-Sha
Gazorpians,Gwendolyn
Gazorpians,Rick Sanchez
Gazorpians,Summer Smith
Gazorpians,Morty Smith
Geardude,"Revolio Clockberg, Jr."
Geardude,Rick Sanchez
Geardude,Birdperson
Geardude,Squanchy
Geardude,Gromflomites
Gene,Principal Vagina
Gene,Ethan
Gene,Morty Smith
Gene,Rick Sanchez
General Nathan,The President
General Nathan,Cromulons
General Nathan,Rick Sanchez
General Nathan,Morty Smith
General Store Owner,Rick Sanchez
General Store Owner,Morty Smith
Genital Washer,Taint Washer
Genital Washer,Lord Henderfinger
Ghost in a Jar,Memory Parasites
Ghost in a Jar,Reverse Giraffe
Gibble Snake,Shmooglite Runner
Glar,Rick Sanchez
Glar,Morty Smith
Glar,Miles Knightly
Glar,Heistotron
Glarb,Rick Sanchez (C-132)
Glarb,Morty Smith (C-132)
Glarb,Professor Tock
Glasses Morty,Lizard Morty
Glasses Morty,Slick Morty
Glasses Morty,Morty Smith
Glaxo Slimslom,Rick Sanchez
Glaxo Slimslom,Beth's Mytholog
Glaxo Slimslom,Gar Gloonch
Glaxo Slimslom,Zarbadar Gloonch
Glenn,Gromflomites
Glenn,Glenn (Rixty Minutes)
Glenn,Morty Smith
Glenn,Rick Sanchez
Glenn (Rixty Minutes),Gromflomites
Glootie,Rick Sanchez
Glootie,Jerry Smith (Cronenberged dimension)
Glootie,Jerry Smith
GlorpDieBlorp,Garblovians
Gobo,Jerry Smith
Gobo,Morty Smith
Goddess Beth,Beth Smith
Goddess Beth,Ideal Jerry
Goddess Beth,Beth's Mytholog
Goomby,Rick Sanchez
Gordon Lunas,Principal Vagina
Gorpathian Dermaks,Rick Sanchez
Grace,Summer Smith
Grace,Morty Smith
Grace Smith,Nancy
Grace Smith,Squanchy
Grace Smith,Brad
Grace Smith,Abrodolph Lincoler
Grace Smith,Morty Smith
Grace Smith,Jessica
Grace Smith,Tammy Guterman
Grace Smith,Grace
Greebybobes,Cromulons
Greg,Fart
Gromflomites,Canklanker Thom
Gromflomites,Galactic Federation President
Gromflomites,Glenn
Gromflomites,Krombopulos Michael
Gromflomites,McGlaargle
Gromflomites,Rurtaugh
Gromflomites,Tammy Guterman
Gwendolyn,Morty Jr.
Gwendolyn,Morty Smith
Gwendolyn,Rick Sanchez
Hambrosians,Rick Sanchez
Hambrosians,Morty Smith
Hambrosians,Birdperson
Hambrosians,Tammy Guterman
Hammerhead Morty,Morty Smith
Hammerhead Morty,Evil Rick Sanchez
Hammerhead Morty (Fortnite),Hammerhead Morty
Hammerhead Morty (Fortnite),Morty Smith
Hamurai,Memory Parasites
Hamurai,Reverse Giraffe
Harold,Summer Smith (Cronenberged dimension)
Harold,Morty Smith
Healthy Rick,Rick Sanchez
Healthy Rick,Toxic Rick
Healthy Rick,Toxic Morty
Heistotron,Rick Sanchez
Helium-Q,Water-T
Helium-Q,Cromulons
Helium-Q,Numbericons
Hemorrhage,Summer Smith
Hemorrhage,Jerry Smith
Hemorrhage,Sleepy Gary
Hemorrhage,Beth Smith
Hemorrhage,Morty Smith (Replacement Dimension)
Hemorrhage,Morty Smith
Hemorrhage,Gwendolyn
Hemorrhage,Morty Jr.
Hemorrhage,Leonard Smith
Hemorrhage,Joyce Smith
Hemorrhage,Steven Smith
Hemorrhage,Unnamed Uncle
Hemorrhage,Rick Sanchez (Replacement Dimension)
Hemorrhage,Rick Sanchez
Hemorrhage,Diane Sanchez
Hemorrhage,Rick's Father
Hemorrhage,Colossus
Hemorrhage,Jerry Smith (Cronenberged dimension)
Hephaestus,Reggie
Hephaestus,Rick Sanchez
Hephaestus,Morty Smith
Hephaestus,Heistotron
Hephaestus,The Garage
Hephaestus,Ventriloquiver
Heroin Keith,Morty Smith
Hole in the Wall Where the Men Can See it All,Piece of Toast
Hole in the Wall Where the Men Can See it All,Two Guys with Handlebar Mustaches
Hole in the Wall Where the Men Can See it All,Man Painted Silver Who Makes Robot Noises
Hole in the Wall Where the Men Can See it All,Garmanarnar
Hole in the Wall Where the Men Can See it All,Three Unknown Things
Hole in the Wall Where the Men Can See it All,Bobby Moynihan
Holly Hooks,Jessica
Holly Hooks,Tricia Lange
Hologram Rick,Rick Sanchez
Hologram Rick,Morty Smith
Hologram Rick,Wasp Rick
Hologram Rick,Jessica
Hologram Rick (Edge of Tomorty: Rick Die Repeat),Rick Sanchez
Hologram Rick (Edge of Tomorty: Rick Die Repeat),Morty Smith
Hologram Rick (Edge of Tomorty: Rick Die Repeat),Jessica
Hologram Rick (Edge of Tomorty: Rick Die Repeat),Bullies
Hologram Rick (Edge of Tomorty: Rick Die Repeat),Wasp Rick
Hookah Alien,Rick Sanchez
Hookah Alien,Morty Smith
Hoovy,Bova
Hoovy,Rick Sanchez
Hoovy,Morty Smith
Hoovy,Japheth
Hoovy,The Garage
Hoovy,Dale
Hoovy,Arthricia
Hothead Rick,Rick Sanchez
Hothead Rick,Ricardo Montoya
Hothead Rick,Big Fat Rick
Hothead Rick,Little Ricky Wrap-it-up
Hunter,Hunter's Father
Hunter,Space Cruiser
Hunter,Summer Smith
Hunter's Father,Hunter
Hunter's Father,Space Cruiser
Hydrogen-F,Magnesium-J
Hydrogen-F,Helium-Q
Hydrogen-F,Water-T
Hydrogen-F,Cromulons
Hydrogen-F,Numbericons
Ideal Jerry,Jerry Smith
Ideal Jerry,Jerry's Mytholog
Ideal Jerry,Beth Smith
Ideal Jerry,Beth's Mytholog
Insurance Rick,Rick Sanchez
Insurance Rick,Morty Smith
Insurance Rick,Solicitor Rick
Investigator Rick,Evil Morty
Investigator Rick,Evil Rick Sanchez
Invisi-troopers,Rick Sanchez
Invisi-troopers,The President
Invisi-troopers,Morty Smith
Izzy,Rick Sanchez
Izzy,Pickle Rick (character)
Jacob Philip,Joyce Smith
Jacob Philip,Jerry Smith
Jacob Philip,Leonard Smith
Jacob Philip,Jerry Smith (Cronenberged dimension)
Jacob Philip,Summer Smith (Cronenberged dimension)
Jacob Philip,Ethan
Jacob Philip,Ruben
Jacqueline,Morty Smith
Jacqueline,Toxic Morty
Jacqueline,Rick Sanchez
Jacqueline,Jessica
Jacqueline,Stacy
Jaguar,Katarina
Jaguar,Pickle Rick (character)
Jaguar,Beth Smith
Jaguar,Morty Smith
Jaguar,Concerto
Jamey,Rick Sanchez
Jamey,Morty Smith
Jamey,Cromulons
Jan-Michael Vincent,Morty Smith
Jan-Michael Vincent,Rick Sanchez
Japheth,Morty Smith
Japheth,Hoovy
Japheth,Bova
Jeff,Summer Smith
Jeff,Maggie
Jeff,Priest Witherspoon
Jeff,Richard
Jeff,Glootie
Jerry Smith (304-X),Beth Smith (304-X)
Jerry Smith (304-X),Summer Smith (304-X)
Jerry Smith (304-X),Morty Smith (304-X)
Jerry Smith (304-X),Rick Sanchez (C-132)
Jerry Smith (304-X),Morty Smith
Jerry Smith (304-X),Summer Smith
Jerry Smith (304-X),Beth Smith
Jerry Smith (C-500A),Beth Sanchez (C-500A)
Jerry Smith (C-500A),Jerry Smith
Jerry Smith (C-500A),David Letterman
Jerry Smith (C-500A),Johnny Depp
Jerry Smith (C-500A),Kristen Stewart
Jerry Smith (Cronenberged dimension),Jerry Smith
Jerry Smith (Cronenberged dimension),Summer Smith (Cronenberged dimension)
Jerry Smith (Cronenberged dimension),Morty Smith
Jerry Smith (Cronenberged dimension),Rick Sanchez
Jerry Smith (Cronenberged dimension),Diane Sanchez
Jerry Smith (Cronenberged dimension),Rick's Father
Jerry Smith (Cronenberged dimension),Leonard Smith
Jerry Smith (Cronenberged dimension),Joyce Smith
Jerry Smith (Cronenberged dimension),Unnamed Uncle
Jerry Smith (Cronenberged dimension),Jacob Philip
Jerry Smith (Cronenberged dimension),Mr. Meeseeks
Jerry Smith (Cronenberged dimension),Snuffles
Jerry Smith (Cronenberged dimension),Summer Smith
Jerry Smith (Cronenberged dimension),Ethan
Jerry Smith (Cronenberged dimension),Beth Smith
Jerry Smith (Evil Rick's Target Dimension),Beth Smith (Evil Rick's Target Dimension)
Jerry Smith (Evil Rick's Target Dimension),Summer Smith (Evil Rick's Target Dimension)
Jerry Smith (Evil Rick's Target Dimension),Morty Smith (Evil Rick's Target Dimension)
Jerry Smith (Evil Rick's Target Dimension),Rick Sanchez (Evil Rick's Target Dimension)
Jerry Smith (Evil Rick's Target Dimension),Jerry Smith
Jerry Smith (Evil Rick's Target Dimension),Evil Rick Sanchez
Jerry Smith (Evil Rick's Target Dimension),Evil Morty
Jerry's Mytholog,Jerry Smith
Jerry's Mytholog,Beth's Mytholog
Jessica,Jessica's Grandma
Jessica,Brad
Jessica,Morty Smith
Jessica,Rick Sanchez
Jessica,Squanchy
Jessica,Mr. Goldenfold
Jessica,Tiny Rick
Jessica,Grace Smith
Jessica,Tricia Lange
Jessica,Fart
Jessica's Grandma,Jessica
Jew,Armagheadon
Jodie,Rick Sanchez
Jodie,Morty Smith
Johnny Depp,Jerry Smith (C-500A)
Jon,Gazorpians
Jon,Gazorpazorpfield (Character)
Joseph Lipnip,Mrs. Lipnip
Joseph Lipnip,Thomas Lipnip
Joseph Lipnip,Tommy's Clone
Joseph Lipnip,Beth Smith
Josiah,Priest Witherspoon
Joyce Smith,Leonard Smith
Joyce Smith,Jacob Philip
Joyce Smith,Steven Smith
Joyce Smith,Jerry Smith
Joyce Smith,Unnamed Uncle
Joyce Smith,Beth Smith
Joyce Smith,Summer Smith
Joyce Smith,Morty Smith
Joyce Smith,Hemorrhage
Joyce Smith,Gwendolyn
Joyce Smith,Morty Jr.
Joyce Smith,Jerry Smith (Cronenberged dimension)
Joyce Smith,Ethan
Juggling Rick,Rick Sanchez
Juggling Rick,Evil Morty
Karen Entity,Nippalians
Karen Entity,Unity
Katarina,Jaguar
Katarina,Rick Sanchez
Katherine Heffelfinger,Morty Smith
Katherine Heffelfinger,Jessica
Katherine Heffelfinger,Annie
Katherine Heffelfinger,Arthricia
Kathy Ireland,Blazen
Kathy Ireland,Morty Smith
Kelsey Shawsen,Toby Matthews
Kelsey Shawsen,Gromflomites
Kendra,Morty Smith
Kendra,Rick Sanchez
Kendra,Naruto Smith
Kevin,Prince Nebulon
Kevin,Rick Sanchez
Kevin,Morty Smith
Khlorgg,Jerry Smith
Kiara,Jerry Smith
Kiara,Trandor
Kiara,Rick Sanchez
Kiara,Morty Smith
Kiara,Summer Smith
Kiara,Principal Vagina
King Flippy Nips,Plutonian
King Flippy Nips,Scroopy Noopers
King Flippy Nips,Jerry Smith
King Flippy Nips,Morty Smith
Kl’iiik Mijupsrit,Mr. Marklovitz
Korlunxes,Shrimply Pibbles
Korlunxes,Jerry Smith
Kristen Stewart,Jerry Smith (C-500A)
Kristen Stewart,Jerry Smith
Krombopulos Michael,Gromflomites
Krombopulos Michael,Rick Sanchez
Krombopulos Michael,Fart
Krombopulos Michael,Morty Smith
Kyle,Zeep Xanflorp
Kyle,Rick Sanchez
Kyle,Morty Smith
Kyle,Mr. Nimbus
Lady Katana,Calypso
Lady Katana,Diablo Verde
Larva Aliens,Cromulons
Larva Aliens,Birdperson
Larva Aliens,Tammy Guterman
Lawyer Morty,Council of Ricks
Lawyer Morty,Morty Smith
Lawyer Morty,Summer Smith
Leonard Smith,Joyce Smith
Leonard Smith,Steven Smith
Leonard Smith,Jerry Smith
Leonard Smith,Unnamed Uncle
Leonard Smith,Beth Smith
Leonard Smith,Summer Smith
Leonard Smith,Morty Smith
Leonard Smith,Hemorrhage
Leonard Smith,Gwendolyn
Leonard Smith,Morty Jr.
Leonard Smith,Jacob Philip
Leonard Smith,Jerry Smith (Cronenberged dimension)
Lighthouse Keeper,Rick Sanchez
Lighthouse Keeper,Morty Smith
Lil B,Birdperson
Lil B,Tammy Guterman
Lil B,Rick Sanchez
Little Ricky Wrap-it-up,Rick Sanchez
Little Ricky Wrap-it-up,Ricardo Montoya
Little Ricky Wrap-it-up,Hothead Rick
Little Ricky Wrap-it-up,Big Fat Rick
Lizard Morty,Morty Smith
Lizard Morty,Slick Morty
Lizard Morty,Glasses Morty
Lizard Morty,Farmer Rick
Lizard Morty,Lizard Rick
Lizard Rick,Rick Sanchez
Lizard Rick,Lizard Morty
Logic,Rick Sanchez
Logic,Noob-Noob
Long Sleeved Morty,Morty Smith
Lord Henderfinger,Armothy
Lord Henderfinger,Morty Smith
Lord Henderfinger,Rick Sanchez
Lord Henderfinger,Taint Washer
Lord Henderfinger,Genital Washer
Lucius Needful,Rick Sanchez
Maggie,Jeff
Maggie,Running Bird
Magnesium-J,Hydrogen-F
Magnesium-J,Helium-Q
Magnesium-J,Water-T
Magnesium-J,Cromulons
Magnesium-J,Numbericons
Man Painted Silver Who Makes Robot Noises,Piece of Toast
Man Painted Silver Who Makes Robot Noises,Two Guys with Handlebar Mustaches
Man Painted Silver Who Makes Robot Noises,Garmanarnar
Man Painted Silver Who Makes Robot Noises,Three Unknown Things
Man Painted Silver Who Makes Robot Noises,Hole in the Wall Where the Men Can See it All
Man Painted Silver Who Makes Robot Noises,Bobby Moynihan
Mar-Sha,Gazorpians
Mar-Sha,Rick Sanchez
Masy Kallerax,Unity
Masy Kallerax,Nippalians
Maximums Rickimus,Council of Ricks
Maximums Rickimus,Rick Sanchez
Maximums Rickimus,Riq IV
Maximums Rickimus,Rick Prime
Maximums Rickimus,Quantum Rick
Maximums Rickimus,Zeta Alpha Rick
Maximums Rickimus,Ricktiminus Sancheziminius
Maximums Rickimus,The Scientist Formerly Known as Rick
Maximums Rickimus,Evil Rick Sanchez
Maximums Rickimus,Morty Smith
Maximums Rickimus,SEAL Team Ricks
MC Haps,Morty Smith
MC Haps,Squanchy
MC Haps,Logic
McGlaargle,Gromflomites
McGlaargle,Smarkians
McGlaargle,Amfiddians
Mechanical Morty,Robot Morty
Mechanical Morty,Rick Sanchez
Mechanical Morty,Mechanical Rick
Mechanical Morty,Mechanical Summer
Mechanical Morty,Morty Smith
Mechanical Rick,Robot Rick
Mechanical Rick,Rick Sanchez
Mechanical Rick,Beth Smith
Mechanical Summer,Summer Smith
Mechanical Summer,Rick Sanchez
Mechanical Summer,Beth Smith
Memory Parasites,Steven Smith
Memory Parasites,Cousin Nicky
Memory Parasites,Mr. Beauregard
Memory Parasites,Sleepy Gary
Memory Parasites,Morty Smith
Memory Parasites,Beth Smith
Memory Parasites,Rick Sanchez
Memory Parasites,Summer Smith
Memory Parasites,Frankenstein's Monster
Memory Parasites,Photography Raptor
Memory Parasites,Pencilvester
Memory Parasites,Tinkles
Memory Parasites,Hamurai
Memory Parasites,Amish Cyborg
Memory Parasites,Reverse Giraffe
Memory Parasites,Ghost in a Jar
Memory Parasites,Baby Wizard
Memory Parasites,Mrs. Refrigerator
Memory Parasites,Bearded Lady
Memory Parasites,Duck with Muscles
Memory Rick,Birdperson
Memory Rick,Rick Sanchez (Replacement Dimension)
Memory Rick,Tammy Guterman
Memory Rick,Morty Smith
Michael (The ABC's of Beth),Jerry Smith
Michael Denny and the Denny Singers,Trunk People
Michael McLick,Randy Dicknose
Michael Thompson,Pichael Thompson
Miggs,Gromflomites
Miggs,Rick Sanchez
Miggs,Mr. Meeseeks
Miggs,Morty Smith
Miggs,Summer Smith
Miles Knightly,Rick Sanchez
Million Ants,Supernova
Million Ants,Rick Sanchez
Million Ants,Alan Rails
Mitch,Morty Smith
Mitch,Frank Palicky
Mitch,Summer Smith (Cronenberged dimension)
Mitch,Jerry Smith (Cronenberged dimension)
Mitch,Principal Vagina
Mitch,Toxic Morty
Morty Jr.,Morty Smith
Morty Jr.,Cronenberg Morty
Morty Jr.,Gazorpians
Morty Jr.,Gwendolyn
Morty Jr.,Jerry Smith
Morty Jr.,Beth Smith
Morty Jr.,Hemorrhage
Morty Jr.,Summer Smith
Morty Jr.,Naruto Smith
Morty Jr.,Leonard Smith
Morty Jr.,Joyce Smith
Morty Jr.,Unnamed Uncle
Morty Jr.,Rick Sanchez
Morty Jr.,Diane Sanchez
Morty Jr.,Rick's Father
Morty Rick,Rick Sanchez
Morty Rick,Morty Smith
Morty Rick,Tiny Rick
Morty Smith,Jerry Smith (Cronenberged dimension)
Morty Smith,Summer Smith (Cronenberged dimension)
Morty Smith,Morty Jr.
Morty Smith,Rick Sanchez
Morty Smith,Diane Sanchez
Morty Smith,Leonard Smith
Morty Smith,Joyce Smith
Morty Smith,Jerry Smith
Morty Smith,Beth Smith
Morty Smith,Summer Smith
Morty Smith,Unnamed Uncle
Morty Smith,Gwendolyn
Morty Smith,Naruto Smith
Morty Smith,Jessica
Morty Smith,Annie
Morty Smith,Arthricia
Morty Smith,Stacy
Morty Smith,Jacqueline
Morty Smith,Morty's Girlfriend
Morty Smith,Planetina
Morty Smith,Birdperson
Morty Smith,Diseases
Morty Smith,Fart
Morty Smith,Bootleg Portal Chemist Rick
Morty Smith,Nick
Morty Smith,Scroopy Noopers
Morty Smith,Tina-Teers
Morty Smith,Eddie
Morty Smith,Mr. Goldenfold
Morty Smith,Tiny Rick
Morty Smith,Ethan
Morty Smith,Thomas Lipnip
Morty Smith,Snuffles
Morty Smith,Brad
Morty Smith,Zeep Xanflorp
Morty Smith,Lighthouse Keeper
Morty Smith (304-X),Jerry Smith (304-X)
Morty Smith (304-X),Beth Smith (304-X)
Morty Smith (304-X),Summer Smith (304-X)
Morty Smith (304-X),Morty Smith (C-132)
Morty Smith (304-X),Rick Sanchez (C-132)
Morty Smith (304-X),Rick Sanchez
Morty Smith (304-X),Summer Smith
Morty Smith (304-X),Jerry Smith
Morty Smith (304-X),Beth Smith
Morty Smith (C-132),Beth Smith (C-132)
Morty Smith (C-132),Summer Smith (C-132)
Morty Smith (C-132),Rick Sanchez (C-132)
Morty Smith (C-132),Morty Smith
Morty Smith (C-132),Morty Jr.
Morty Smith (C-132),Scary Terry
Morty Smith (Evil Rick's Target Dimension),Jerry Smith (Evil Rick's Target Dimension)
Morty Smith (Evil Rick's Target Dimension),Beth Smith (Evil Rick's Target Dimension)
Morty Smith (Evil Rick's Target Dimension),Summer Smith (Evil Rick's Target Dimension)
Morty Smith (Evil Rick's Target Dimension),Rick Sanchez (Evil Rick's Target Dimension)
Morty Smith (Evil Rick's Target Dimension),Morty Smith
Morty Smith (Evil Rick's Target Dimension),Evil Rick Sanchez
Morty Smith (Evil Rick's Target Dimension),Evil Morty
Morty Smith (Evil Rick's Target Dimension),Rick Sanchez
Morty Smith (Evil Rick's Target Dimension),Summer Smith
Morty Smith (Evil Rick's Target Dimension),Jerry Smith
Morty Smith (Evil Rick's Target Dimension),Beth Smith
Morty Smith (K-22),Rick Sanchez (K-22)
Morty Smith (K-22),Rick Sanchez
Morty Smith (K-22),Morty Smith
Morty Smith (Replacement Dimension),Jerry Smith
Morty Smith (Replacement Dimension),Beth Smith
Morty Smith (Replacement Dimension),Summer Smith
Morty Smith (Replacement Dimension),Hemorrhage
Morty Smith (Replacement Dimension),Leonard Smith
Morty Smith (Replacement Dimension),Joyce Smith
Morty Smith (Replacement Dimension),Unnamed Uncle
Morty Smith (Replacement Dimension),Rick Sanchez (Replacement Dimension)
Morty Smith (Replacement Dimension),Diane Sanchez
Morty Smith (Replacement Dimension),Jessica
Morty Smith (Replacement Dimension),Annie
Morty Smith (Replacement Dimension),Morty Smith
Morty Smith (Replacement Dimension),Rick Sanchez
Morty's Girlfriend,Morty Smith
Mortytown Locos,Bootleg Portal Chemist Rick
Mortytown Locos,Evil Morty
Mr. Always Wants To Be Hunted,Mr. Poopybutthole
Mr. Beauregard,Memory Parasites
Mr. Beauregard,Cousin Nicky
Mr. Beauregard,Jerry Smith
Mr. Beauregard,Morty Smith
Mr. Beauregard,Rick Sanchez
Mr. Benson,Rick Sanchez
Mr. Benson,Morty Smith
Mr. Benson,Summer Smith
Mr. Booby Buyer,Rick Sanchez
Mr. Booby Buyer,Morty Smith
Mr. Goldenfold,Morty Smith
Mr. Goldenfold,Mrs. Pancakes
Mr. Goldenfold,Rick Sanchez
Mr. Goldenfold,Jessica
Mr. Goldenfold,Summer Smith
Mr. Goldenfold (Wasp Universe),Mr. Goldenfold's Larvae
Mr. Goldenfold (Wasp Universe),Mr. Goldenfold
Mr. Goldenfold (Wasp Universe),Rick Sanchez
Mr. Goldenfold's Larvae,Mr. Goldenfold (Wasp Universe)
Mr. Goldenfold's Larvae,Mr. Goldenfold
Mr. Marklovitz,Kl’iiik Mijupsrit
Mr. Marklovitz,Jerry Smith
Mr. Marklovitz,Unity
Mr. Meeseeks,Mr. Meeseeks (Kirkland)
Mr. Meeseeks,Rick Sanchez
Mr. Meeseeks,Jerry Smith
Mr. Meeseeks (Kirkland),Mr. Meeseeks
Mr. Meeseeks (Kirkland),Rick Sanchez
Mr. Meeseeks (Kirkland),Wasp Rick
Mr. Meeseeks (Kirkland),Morty Smith
Mr. Nimbus,Rick Sanchez
Mr. Nimbus,Morty Smith
Mr. Nimbus,Space Cruiser
Mr. Nimbus,Jerry Smith
Mr. Nimbus,Beth Smith
Mr. Nimbus,Jessica
Mr. Poopybutthole,Mrs. Poopybutthole
Mr. Poopybutthole,Baby Poopybutthole
Mr. Poopybutthole,Rick Sanchez
Mr. Poopybutthole,Beth Smith
Mr. Poopybutthole,Cousin Nicky
Mr. Poopybutthole,Darth Poopybutthole
Mr. Poopybutthole's Cat,Mr. Poopybutthole
Mr. Poopybutthole's Cat,Mrs. Poopybutthole
Mr. Poopybutthole's Cat,Mr. Poopybutthole's Dog
Mr. Poopybutthole's Dog,Mr. Poopybutthole
Mr. Poopybutthole's Dog,Mrs. Poopybutthole
Mr. Poopybutthole's Dog,Mr. Poopybutthole's Cat
Mr. Poopybutthole's Dog,Baby Poopybutthole
Mr. Youseeks,Mr. Meeseeks
Mr. Youseeks,The Garage
Mr. Youseeks,Rick Sanchez
Mrs. Lipnip,Joseph Lipnip
Mrs. Lipnip,Thomas Lipnip
Mrs. Lipnip,Tommy's Clone
Mrs. Lipnip,Rick Sanchez
Mrs. Lipnip,Beth Smith
Mrs. Pancakes,Mr. Goldenfold
Mrs. Pancakes,Rick Sanchez
Mrs. Pancakes,Morty Smith
Mrs. Pancakes,Centaur
Mrs. Pancakes,The Little Girl
Mrs. Pancakes,Scary Terry
Mrs. Poopybutthole,Mr. Poopybutthole
Mrs. Poopybutthole,Baby Poopybutthole
Mrs. Poopybutthole,Morty Smith
Mrs. Poopybutthole,Summer Smith
Mrs. Poopybutthole,Gromflomites
Mrs. Refrigerator,Memory Parasites
Mrs. Refrigerator,Beth Smith
Mrs. Refrigerator,Rick Sanchez
Mrs. Sullivan,Jerry Smith (C-500A)
Mysterious Rick,Morty Smith
Mysterious Rick,Riq IV
Nancy,Summer Smith
Nancy,Rick Sanchez
Nancy,Morty Smith
Nancy,Abrodolph Lincoler
Nancy,Beth Smith
Naruto Smith,Morty Smith
Naruto Smith,Summer Smith
Naruto Smith,Jerry Smith
Naruto Smith,Beth Smith
Naruto Smith,Rick's Foal
Naruto Smith,Morty Jr.
Naruto Smith,Rick Sanchez
Naruto Smith,Diane Sanchez
Naruto Smith,Leonard Smith
Naruto Smith,Joyce Smith
Naruto Smith,Unnamed Uncle
Naruto Smith,Rick's Father
Naruto Smith,Sticky
Nick,Morty Smith
Nick,Rick Sanchez
Nick,Jerry Smith
Nick,Mr. Nimbus
Nippalians,Unity
Noob-Noob,Rick Sanchez
Noob-Noob,Morty Smith
Noob-Noob,Logic
Noob-Noob,Mr. Poopybutthole
Noob-Noob,Stealy
Noob-Noob,Benjamin
Numbericons,Water-T
Old Reptile,Shrimply Pibbles
Old Reptile,Jerry Smith
Pat Guterman,Donna Guterman
Pat Guterman,Tammy Guterman
Pat Guterman,Birdperson
Pat Guterman,Jerry Smith
Pat Guterman,Beth Smith
Paul Fleishman,Beth Smith
Paul Fleishman,Summer Smith
Paul Fleishman,Morty Smith
Paul Fleishman,Rick Sanchez
Paul Fleishman,Jerry Smith
Pawnshop Clerk,Rick Sanchez
Pawnshop Clerk,Morty Smith
Pawnshop Clerk,Gwendolyn
Pencilvester,Memory Parasites
Pencilvester,Rick Sanchez
Pencilvester,Morty Smith
Phillip Jacobs,Rick Sanchez
Phillip Jacobs,Morty Smith
Photography Cyborgs,Birdperson
Photography Cyborgs,Tammy Guterman
Photography Cyborgs,Rick Sanchez
Photography Raptor,Memory Parasites
Photography Raptor,Mr. Beauregard
Photography Raptor,Morty Smith
Pichael Thompson,Michael Thompson
Pickle Rick (character),Rick Sanchez
Piece of Toast,Rick Sanchez
Piece of Toast,Bobby Moynihan
Piece of Toast,Two Guys with Handlebar Mustaches
Piece of Toast,Man Painted Silver Who Makes Robot Noises
Piece of Toast,Garmanarnar
Piece of Toast,Three Unknown Things
Piece of Toast,Hole in the Wall Where the Men Can See it All
Pink Sentient Switchblade,Beth Smith
Pink Sentient Switchblade,Rick Sanchez
Pink Sentient Switchblade,Thomas Lipnip
Planetina,Tina-Teers
Planetina,Morty Smith
Planetina,Diesel Weasel
Plumber Rick,Rick Sanchez
Plutonian,King Flippy Nips
Plutonian,Scroopy Noopers
Pom Poms,Risotto Groupon
Pom Poms,Rick Sanchez
Poncho,Dr. Xenon Bloom
Poncho,Morty Smith
Poncho,Diseases
Poncho,Annie
Poop Jesus,Jesus Christ
Poñeta,Chud King
Poñeta,Rick Sanchez
Poñeta,Rick's Foal
Poñeta,Morty Smith
Presidentress of the Mega Gargantuans,Rick Sanchez
Presidentress of the Mega Gargantuans,Morty Smith
Presidentress of the Mega Gargantuans,The President
Priest Witherspoon,Josiah
Priest Witherspoon,Jeff
Priest Witherspoon,Maggie
Priest Witherspoon,Summer Smith
Priest Witherspoon,Richard
Prince Nebulon,Rick Sanchez
Prince Nebulon,Kevin
Prince Nebulon,Morty Smith
Prince Nebulon,Jerry Smith (Cronenberged dimension)
Prince Nebulon,Jerry Smith
Principal Vagina,Frank Palicky
Principal Vagina,Mr. Meeseeks
Principal Vagina,Lucius Needful
Principal Vagina,Ethan
Principal Vagina,Gordon Lunas
Pripudlians,Rick Sanchez
Professor Shabooboo,The President
Professor Shabooboo,Summer Smith
Professor Shabooboo,Morty Smith
Professor Tock,Rick Sanchez (C-132)
Professor Tock,Morty Smith (C-132)
Purge Planet Ruler,Rick Sanchez
Purge Planet Ruler,Morty Smith
Purge Planet Ruler,Arthricia
Quantum Rick,Council of Ricks
Quantum Rick,Rick Sanchez
Quantum Rick,Commander Rick
Randy Dicknose,Michael McLick
Rebel Doctor,Garblovians
Red Grin Grumble,Rick Sanchez
Red Grin Grumble,Jerry Smith
Red Grin Grumble,Morty Smith
Red Grin Grumble,Summer Smith
Reggie,Hephaestus
Reggie,Ticktock
Reggie,Florflok
Reggie,Squeeb
Reggie,Gaia
Reggie,Rick Sanchez
Reggie,Morty Smith
Regional Manager Rick,Rick Sanchez (J-22)
Regional Manager Rick,Cool Rick
Regional Manager Rick,Evil Morty
Regular Legs,Baby Legs
Reverse Giraffe,Memory Parasites
Reverse Giraffe,Sleepy Gary
Reverse Giraffe,Rick Sanchez
Reverse Giraffe,Hamurai
Reverse Giraffe,Ghost in a Jar
Reverse Giraffe,Beth Smith
Reverse Giraffe,Morty Smith
Reverse Rick Outrage,Adjudicator Rick
Reverse Rick Outrage,Evil Morty
"Revolio Clockberg, Jr.",Rick Sanchez
"Revolio Clockberg, Jr.",Morty Smith
"Revolio Clockberg, Jr.",Jessica
"Revolio Clockberg, Jr.",Fart
"Revolio Clockberg, Jr.",Noob-Noob
Ricardo Montoya,Rick Sanchez
Ricardo Montoya,Big Fat Rick
Ricardo Montoya,Hothead Rick
Ricardo Montoya,Little Ricky Wrap-it-up
Rick D. Sanchez III,Shadow Council of Ricks
Rick D. Sanchez III,Rick Sanchez
Rick D. Sanchez III,Simple Rick
Rick D. Sanchez III,Evil Morty
Rick D. Sanchez III,Garment District Rick
Rick Prime,Council of Ricks
Rick Prime,Rick Sanchez
Rick Sanchez,Mr. Nimbus
Rick Sanchez,Big Fat Rick
Rick Sanchez,Evil Morty
Rick Sanchez,Beth Sanchez (C-137)
Rick Sanchez,Jerry Smith (Cronenberged dimension)
Rick Sanchez,Summer Smith (Cronenberged dimension)
Rick Sanchez,Morty Smith
Rick Sanchez,Beth Smith
Rick Sanchez,Summer Smith
Rick Sanchez,Jerry Smith
Rick Sanchez,Morty Jr.
Rick Sanchez,Naruto Smith
Rick Sanchez,Diane Sanchez
Rick Sanchez,Poñeta
Rick Sanchez,Rick's Foal
Rick Sanchez,Unity
Rick Sanchez,Gaia
Rick Sanchez,Balthromaw
Rick Sanchez,Weird Rick
Rick Sanchez,Birdperson
Rick Sanchez,Squanchy
Rick Sanchez,Fart
Rick Sanchez,Mr. Poopybutthole
Rick Sanchez,Tammy Guterman
Rick Sanchez,Arthricia
Rick Sanchez,Mr. Goldenfold
Rick Sanchez,Evil Rick Sanchez
Rick Sanchez,Council of Ricks
Rick Sanchez,Shleemypants
Rick Sanchez,Krombopulos Michael
Rick Sanchez,Gromflomites
Rick Sanchez,SEAL Team Ricks
Rick Sanchez,Blim Blam
Rick Sanchez,Jessica
Rick Sanchez,Lucius Needful
Rick Sanchez,Snuffles
Rick Sanchez,Kiara
Rick Sanchez,Trandor
Rick Sanchez,Wasp Rick
Rick Sanchez,Doofus Rick
Rick Sanchez (C-132),Beth Smith (C-132)
Rick Sanchez (C-132),Summer Smith (C-132)
Rick Sanchez (C-132),Morty Smith (C-132)
Rick Sanchez (C-132),Rick Sanchez
Rick Sanchez (C-132),Morty Smith
Rick Sanchez (C-132),Summer Smith
Rick Sanchez (C-132),Jerry Smith
Rick Sanchez (C-132),Beth Smith
Rick Sanchez (D-99),SEAL Team Ricks
Rick Sanchez (D-99),Rick Sanchez
Rick Sanchez (D-99),Morty Smith
Rick Sanchez (D-99),Summer Smith
Rick Sanchez (D-99),Gromflomites
Rick Sanchez (D-99),Commander Rick
Rick Sanchez (Evil Rick's Target Dimension),Beth Smith (Evil Rick's Target Dimension)
Rick Sanchez (Evil Rick's Target Dimension),Jerry Smith (Evil Rick's Target Dimension)
Rick Sanchez (Evil Rick's Target Dimension),Summer Smith (Evil Rick's Target Dimension)
Rick Sanchez (Evil Rick's Target Dimension),Morty Smith (Evil Rick's Target Dimension)
Rick Sanchez (Evil Rick's Target Dimension),Rick Sanchez
Rick Sanchez (Evil Rick's Target Dimension),Evil Rick Sanchez
Rick Sanchez (Evil Rick's Target Dimension),Evil Morty
Rick Sanchez (Evil Rick's Target Dimension),Morty Smith
Rick Sanchez (Evil Rick's Target Dimension),Summer Smith
Rick Sanchez (Evil Rick's Target Dimension),Jerry Smith
Rick Sanchez (Evil Rick's Target Dimension),Beth Smith
Rick Sanchez (J-22),Rick Sanchez
Rick Sanchez (J-22),Simple Rick
Rick Sanchez (J-22),Rick D. Sanchez III
Rick Sanchez (J-22),Cool Rick
Rick Sanchez (J-22),Regional Manager Rick
Rick Sanchez (J19α7),Doofus Rick
Rick Sanchez (K-22),Morty Smith (K-22)
Rick Sanchez (K-22),Rick Sanchez
Rick Sanchez (K-22),Morty Smith
Rick Sanchez (Replacement Dimension),Diane Sanchez
Rick Sanchez (Replacement Dimension),Beth Smith
Rick Sanchez (Replacement Dimension),Jerry Smith
Rick Sanchez (Replacement Dimension),Summer Smith
Rick Sanchez (Replacement Dimension),Morty Smith (Replacement Dimension)
Rick Sanchez (Replacement Dimension),Hemorrhage
Rick Sanchez (Replacement Dimension),Unity
Rick Sanchez (Replacement Dimension),Rick Sanchez
Rick Sanchez (Replacement Dimension),Morty Smith
Rick's Father,Rick Sanchez
Rick's Father,Diane Sanchez
Rick's Father,Beth Smith
Rick's Father,Rick's Foal
Rick's Father,Jerry Smith
Rick's Father,Sleepy Gary
Rick's Father,Summer Smith
Rick's Father,Morty Smith
Rick's Father,Hemorrhage
Rick's Father,Morty Jr.
Rick's Father,Unity
Rick's Father,Rick D. Sanchez III
Rick's Foal,Rick Sanchez
Rick's Foal,Poñeta
Rick's Foal,Beth Smith
Rick's Foal,Jerry Smith
Rick's Foal,Morty Smith
Rick's Foal,Summer Smith
Rick's Foal,Morty Jr.
Rick's Foal,Naruto Smith
Rick's Foal,Hemorrhage
Rick's Foal,Chud King
Rick's Foal,Rick's Father
Ricktiminus Sancheziminius,Council of Ricks
Ricktiminus Sancheziminius,Rick Sanchez
Ricktiminus Sancheziminius,Rick Prime
Ricktiminus Sancheziminius,Maximums Rickimus
Ricktiminus Sancheziminius,Quantum Rick
Ricktiminus Sancheziminius,Zeta Alpha Rick
Ricktiminus Sancheziminius,Riq IV
Ricktiminus Sancheziminius,The Scientist Formerly Known as Rick
Ricktiminus Sancheziminius,Evil Rick Sanchez
Ricktiminus Sancheziminius,Morty Smith
Ricktiminus Sancheziminius,SEAL Team Ricks
Riq IV,Council of Ricks
Riq IV,Rick Sanchez
Riq IV,Summer Smith
Riq IV,Morty Smith
Riq IV,Rick Prime
Riq IV,Maximums Rickimus
Riq IV,Quantum Rick
Riq IV,Zeta Alpha Rick
Riq IV,Ricktiminus Sancheziminius
Riq IV,The Scientist Formerly Known as Rick
Riq IV,Evil Rick Sanchez
Riq IV,SEAL Team Ricks
Risotto Groupon,Pom Poms
Risotto Groupon,Jerry Smith
Risotto Groupon,Rick Sanchez
Robert,Summer Smith (C-132)
Robert,Rick Sanchez (C-132)
Robert,Space Cruiser
Robobros,Rick Sanchez
Robobros,Morty Smith
Robobros,Summer Smith
Robot Morty,Robot Rick
Robot Morty,Morty Smith
Robot Rick,Robot Morty
Robot Rick,Rick Sanchez
Robot Soldiers,Rick Sanchez
Roger,Dr. Xenon Bloom
Ron Benson,Nippalians
Ron Benson,Unity
Rose,Dale
Rose,Dale's Son
Rose,Rick Sanchez
Rose,Morty Smith
Roy,Morty Smith
Roy,Rick Sanchez
Ruben,Tammy Guterman
Ruben,Birdperson
Ruben,Squanchy
Ruben,Mr. Poopybutthole
Ruben,Krombopulos Michael
Ruben,Mr. Meeseeks
Ruben,Rick Sanchez
Ruben,Dr. Xenon Bloom
Ruben,Morty Smith
Ruben,Annie
Ruben,Jacob Philip
Ruben,Ethan
Running Bird,Maggie
Running Bird,Jeff
Running Bird,Richard
Rurtaugh,Gromflomites
Rurtaugh,Rick Sanchez
Rurtaugh,Mr. Meeseeks
Rurtaugh,Miggs
Rurtaugh,Morty Smith
Rurtaugh,Summer Smith
Salesman Rick,Courier Flap
Salesman Rick,Rick Sanchez
Samantha,Mr. Meeseeks
Samantha,Jerry Smith (Cronenberged dimension)
Scary Brandon,Scary Terry
Scary Brandon,Scary Melissa
Scary Glenn,Scary Terry
Scary Glenn,Rick Sanchez
Scary Melissa,Scary Terry
Scary Melissa,Scary Brandon
Scary Melissa,Rick Sanchez
Scary Melissa,Morty Smith
Scary Terry,Scary Melissa
Scary Terry,Scary Brandon
Scary Terry,Rick Sanchez
Scary Terry,Morty Smith
Scroopy Noopers,Plutonian
Scroopy Noopers,King Flippy Nips
Scroopy Noopers,Jerry Smith
Scroopy Noopers,Morty Smith
Scropon,Rick Sanchez
Scropon,Morty Smith
Scropon,"Revolio Clockberg, Jr."
Scropon,Birdperson
Scropon,Tammy Guterman
Scropon,Beth Smith
Scropon,Gromflomites
Scrotians,Cromulons
Scrotians,Birdperson
Scrotians,Tammy Guterman
Scrotians,Rick Sanchez
Scrotians,Logic
SEAL Team Ricks,Rick Sanchez (D-99)
SEAL Team Ricks,Rick Sanchez
SEAL Team Ricks,Council of Ricks
SEAL Team Ricks,Gromflomites
SEAL Team Ricks,Commander Rick
Self-Congratulatory Jerry,Jerry Smith
Semosites,Rick Sanchez
Semosites,Morty Smith
Shadow Council of Ricks,Rick D. Sanchez III
Shadow Council of Ricks,Garment District Rick
Shadow Council of Ricks,Council of Ricks
Shadow Council of Ricks,Evil Morty
Shadow Council of Ricks,Sheikh Rick
Sheikh Rick,Shadow Council of Ricks
Shleemypants,Rick Sanchez
Shleemypants,Chris
Shmooglite Runner,Rick Sanchez
Shmooglite Runner,Gibble Snake
Shnoopy Bloopers,Rick Sanchez
Shrimp Rick,Rick Sanchez
Shrimply Pibbles,Jerry Smith
Shrimply Pibbles,Old Reptile
Simon,The President
Simon,Cromulons
Simon,General Nathan
Simon,Rick Sanchez
Simple Rick,Diane Sanchez
Simple Rick,Rick D. Sanchez III
Simple Rick,Rick Sanchez
Simple Rick,Rick Sanchez (J-22)
Simple Rick,Regional Manager Rick
Simulation Morty,Morty Smith
Simulation Morty,Rick Sanchez
Sleepy Gary,Memory Parasites
Sleepy Gary,Beth Smith
Sleepy Gary,Jerry Smith
Sleepy Gary,Summer Smith
Sleepy Gary,Morty Smith
Sleepy Gary,Rick Sanchez
Sleepy Gary,Diane Sanchez
Sleepy Gary,Rick's Father
Sleepy Gary,Hemorrhage
Sleepy Gary,Gwendolyn
Sleepy Gary,Morty Jr.
Sleepy Gary,Mr. Beauregard
Slick Morty,Teacher Rick
Slick Morty,Glasses Morty
Slippery Stair,Morty Smith
Slippery Stair,Rick Sanchez
Slow Mobius,Rick Sanchez
Slow Mobius,Morty Smith
Slow Mobius,Jessica
Slow Rick,Teacher Rick
Slow Rick,Rick Sanchez
Slow Rick,Lucius Needful
Snuffles,Morty Smith
Snuffles,Rick Sanchez
Snuffles,Jerry Smith
Solicitor Rick,Rick Sanchez
Solicitor Rick,Morty Smith
Solicitor Rick,Council of Ricks
Solicitor Rick,Gromflomites
Sperm Queen,Morty Smith
Sperm Queen,Sticky
Sperm Queen,Rick Sanchez
Sperm Queen,Jerry Smith
Sperm Queen,Beth Smith
Sperm Queen,Summer Smith
Squanchy,Rick Sanchez
Squanchy,Tammy Guterman
Squanchy,Birdperson
Squeeb,Gaia
Squeeb,Reggie
Squeeb,Ticktock
Squeeb,Florflok
Squeeb,Rick Sanchez
Squeeb,Beth Smith
Squeeb,Jerry Smith
Stacy,Morty Smith
Stacy,Rick Sanchez
Stacy,Toxic Rick
Stacy,Toxic Morty
Stealy,Mr. Poopybutthole
Steve,The President
Steve,Rick Sanchez
Steve,Morty Smith
Steve (Mortyplicity),The President
Steve (Mortyplicity),Rick Sanchez
Steven Phillips,Nippalians
Steven Phillips,Unity
Steven Phillips,Summer Smith
Steven Phillips,Morty Smith
Steven Smith,Memory Parasites
Steven Smith,Leonard Smith
Steven Smith,Joyce Smith
Steven Smith,Jerry Smith
Steven Smith,Unnamed Uncle
Steven Smith,Beth Smith
Steven Smith,Summer Smith
Steven Smith,Morty Smith
Steven Smith,Hemorrhage
Steven Smith,Gwendolyn
Steven Smith,Morty Jr.
Steven Smith,Rick Sanchez
Sticky,Naruto Smith
Sticky,Sperm Queen
Sticky,Morty Smith
Sticky,Rick Sanchez
Sticky,Jerry Smith
Sticky,Beth Smith
Sticky,Summer Smith
Story Lord,Rick Sanchez
Story Lord,Morty Smith
Story Lord,Jesus Christ
Stu,Prince Nebulon
Stu,Rick Sanchez
Stu,Jerry Smith
Stu,Morty Smith
Submarine Nazi,Mr. Beauregard
Summer Smith,Jerry Smith
Summer Smith,Beth Smith
Summer Smith,Morty Smith (Replacement Dimension)
Summer Smith,Morty Smith
Summer Smith,Naruto Smith
Summer Smith,Leonard Smith
Summer Smith,Joyce Smith
Summer Smith,Unnamed Uncle
Summer Smith,Rick Sanchez (Replacement Dimension)
Summer Smith,Rick Sanchez
Summer Smith,Diane Sanchez
Summer Smith,Rick's Father
Summer Smith,Hemorrhage
Summer Smith,Gwendolyn
Summer Smith,Morty Jr.
Summer Smith,Ethan
Summer Smith,Frank Palicky
Summer Smith,Toby Matthews
Summer Smith,Nancy
Summer Smith,Grace
Summer Smith,Tricia Lange
Summer Smith,Snuffles
Summer Smith,Lucius Needful
Summer Smith,Daphne
Summer Smith,Tammy Guterman
Summer Smith,Birdperson
Summer Smith,Jacob Philip
Summer Smith,Tiny Rick
Summer Smith,Bruce Chutback
Summer Smith,Summer Smith (Cronenberged dimension)
Summer Smith (304-X),Jerry Smith (304-X)
Summer Smith (304-X),Beth Smith (304-X)
Summer Smith (304-X),Morty Smith (304-X)
Summer Smith (304-X),Summer Smith (C-132)
Summer Smith (304-X),Rick Sanchez (C-132)
Summer Smith (304-X),Morty Smith (C-132)
Summer Smith (304-X),Morty Smith
Summer Smith (304-X),Jerry Smith
Summer Smith (304-X),Beth Smith
Summer Smith (C-132),Beth Smith (C-132)
Summer Smith (C-132),Morty Smith (C-132)
Summer Smith (C-132),Rick Sanchez (C-132)
Summer Smith (C-132),Summer Smith
Summer Smith (C-132),Mr. Poopybutthole
Summer Smith (C-132),Rick Sanchez
Summer Smith (C-132),Morty Smith
Summer Smith (C-132),Jerry Smith
Summer Smith (C-132),Beth Smith
Summer Smith (Cronenberged dimension),Jerry Smith (Cronenberged dimension)
Summer Smith (Cronenberged dimension),Morty Smith
Summer Smith (Cronenberged dimension),Leonard Smith
Summer Smith (Cronenberged dimension),Joyce Smith
Summer Smith (Cronenberged dimension),Unnamed Uncle
Summer Smith (Cronenberged dimension),Rick Sanchez
Summer Smith (Cronenberged dimension),Diane Sanchez
Summer Smith (Cronenberged dimension),Rick's Father
Summer Smith (Cronenberged dimension),Ethan
Summer Smith (Cronenberged dimension),Frank Palicky
Summer Smith (Cronenberged dimension),Summer Smith
Summer Smith (Cronenberged dimension),Snuffles
Summer Smith (Cronenberged dimension),Cronenberg Morty
Summer Smith (Cronenberged dimension),Space Cruiser
Summer Smith (Cronenberged dimension),Tammy Guterman
Summer Smith (Cronenberged dimension),Nancy
Summer Smith (Cronenberged dimension),Jacob Philip
Summer Smith (Cronenberged dimension),Jerry Smith
Summer Smith (Cronenberged dimension),Beth Smith
Summer Smith (Evil Rick's Target Dimension),Jerry Smith (Evil Rick's Target Dimension)
Summer Smith (Evil Rick's Target Dimension),Beth Smith (Evil Rick's Target Dimension)
Summer Smith (Evil Rick's Target Dimension),Morty Smith (Evil Rick's Target Dimension)
Summer Smith (Evil Rick's Target Dimension),Rick Sanchez (Evil Rick's Target Dimension)
Summer Smith (Evil Rick's Target Dimension),Summer Smith
Summer Smith (Evil Rick's Target Dimension),Evil Rick Sanchez
Summer Smith (Evil Rick's Target Dimension),Evil Morty
Summer Smith (Goldenfold's Dream),Mr. Goldenfold
Summer Smith (Goldenfold's Dream),Mrs. Pancakes
Summer Smith (Goldenfold's Dream),Morty Smith
Summer Smith (Goldenfold's Dream),Rick Sanchez
Summer's Boyfriend,Summer Smith
Summer's Girlfriend,Summer Smith
Supernova,Alan Rails
Supernova,Million Ants
Supernova,Noob-Noob
Supernova,Vance Maximus
Supernova,"Revolio Clockberg, Jr."
Taddy Mason,Rick Sanchez
Taddy Mason,Morty Smith
Taint Washer,Lord Henderfinger
Taint Washer,Genital Washer
Taint Washer,Morty Smith
Taint Washer,Armothy
Talking Cat,Jerry Smith
Talking Cat,Rick Sanchez
Talking Cat,Balthromaw
Tammy Guterman,Jerry Smith
Tammy Guterman,Birdperson
Tammy Guterman,Pat Guterman
Tammy Guterman,Donna Guterman
Tammy Guterman,Birdperson's Daughter
Tammy Guterman,Summer Smith
Tammy Guterman,Mr. Meeseeks
Tammy Guterman,Rick Sanchez
Tammy Guterman,Brad
Tammy Guterman,Morty Smith
Tammy Guterman,Squanchy
Task Force Alpha,The President
Teacher Rick,Rick Sanchez
Teacher Rick,Lizard Morty
Teacher Rick,Slick Morty
Teacher Rick,Glasses Morty
Teacher Rick,Slow Rick
Teacher Rick,Maximums Rickimus
Terry,Scary Terry
Terry,Cromulons
The Garage,Rick Sanchez
The Garage,Space Cruiser
The Garage,Summer Smith
The Garage,Morty Smith
The Garage,Jessica
The Little Girl,Centaur
The Little Girl,Mrs. Pancakes
The Little Girl,Mr. Goldenfold
The Little Girl,Scary Terry
The One True Morty,Morty Smith
The One True Morty,Evil Rick Sanchez
The President,General Nathan
The President,Cromulons
The President,Rick Sanchez
The President,Morty Smith
The President,Water-T
The President,Snuffles
The President,Naruto Smith
The President of the Miniverse,Zeep Xanflorp
The President of the Miniverse,Chris (The Ricks Must Be Crazy)
The President of the Miniverse,Kyle
The President of the Miniverse,Rick Sanchez
The Scientist Formerly Known as Rick,Council of Ricks
The Scientist Formerly Known as Rick,Rick Sanchez
The Scientist Formerly Known as Rick,Evil Rick Sanchez
The Scientist Formerly Known as Rick,Evil Morty
Thomas Lipnip,Tommy's Clone
Thomas Lipnip,Joseph Lipnip
Thomas Lipnip,Mrs. Lipnip
Thomas Lipnip,Beth Smith
Thomas Lipnip,Rick Sanchez
Three Unknown Things,Piece of Toast
Three Unknown Things,Two Guys with Handlebar Mustaches
Three Unknown Things,Man Painted Silver Who Makes Robot Noises
Three Unknown Things,Garmanarnar
Three Unknown Things,Hole in the Wall Where the Men Can See it All
Three Unknown Things,Bobby Moynihan
Ticktock,Gaia
Ticktock,Reggie
Ticktock,Florflok
Ticktock,Squeeb
Ticktock,Rick Sanchez
Ticktock,Beth Smith
Ticktock,Jerry Smith
Tina-Teers,Eddie
Tina-Teers,Xing Ho
Tina-Teers,Planetina
Tina-Teers,Morty Smith
Tinkles,Memory Parasites
Tiny Rick,Rick Sanchez
Tiny Rick,Morty Smith
Tiny Rick,Coach Feratu
Toby Matthews,Summer Smith
Toby Matthews,Tiny Rick
Toby Matthews,Ethan
Todd Crystal,Nippalians
Todd Crystal,Unity
Tommy's Clone,Thomas Lipnip
Tommy's Clone,The Garage
Tommy's Clone,Joseph Lipnip
Tommy's Clone,Mrs. Lipnip
Tommy's Clone,Beth Smith
Tommy's Clone,Rick Sanchez
Tony's Wife,Rick Sanchez
Tortured Mortys,Evil Rick Sanchez
Tortured Mortys,Morty Smith
Tortured Mortys,Rick Sanchez
Tough Rat,Rick Sanchez
Toxic Morty,Toxic Rick
Toxic Morty,Morty Smith
Toxic Morty,Rick Sanchez
Toxic Morty,Healthy Rick
Toxic Rick,Toxic Morty
Toxic Rick,Rick Sanchez
Toxic Rick,Healthy Rick
Toxic Rick,Morty Smith
Toxic Rick,Stacy
Toxic Rick,Space Cruiser
Traflorkians,Rick Sanchez
Traflorkians,Dr. Glip-Glop
Traflorkians,Jerry Smith
Trandor,Kiara
Trandor,Morty Smith
Tricia Lange,Ethan
Tricia Lange,Summer Smith
Tricia Lange,Morty Smith
Tricia Lange,Jessica
Tricia Lange,Holly Hooks
Tricia Lange,Brad
Tricia Lange,Nancy
Tricia Lange,Jerry Smith
Tricia Lange,Tammy Guterman
Trunk Morty,Trunk People
Trunk Morty,Morty Smith
Trunk Morty,Evil Morty
Trunk Morty,Crystallized Morty
Trunk Morty,Michael Denny and the Denny Singers
Trunk People,Trunk Morty
Trunk People,Morty Smith
Truth Tortoise,Rick Sanchez
Truth Tortoise,Morty Smith
Tumblorkians,Shrimply Pibbles
Tusked Assassin,Risotto Groupon
Tusked Assassin,Rick Sanchez
Tusked Assassin,Jerry Smith
Tusked Assassin,Gibble Snake
Two Crows,Crowscare
Two Crows,Rick Sanchez
Two Crows,Morty Smith
Two Guys with Handlebar Mustaches,Piece of Toast
Two Guys with Handlebar Mustaches,Man Painted Silver Who Makes Robot Noises
Two Guys with Handlebar Mustaches,Garmanarnar
Two Guys with Handlebar Mustaches,Three Unknown Things
Two Guys with Handlebar Mustaches,Hole in the Wall Where the Men Can See it All
Two Guys with Handlebar Mustaches,Bobby Moynihan
Unity,Rick Sanchez
Unity,Beta-Seven
Unity,Morty Smith
Unity,Nippalians
Unnamed Uncle,Joyce Smith
Unnamed Uncle,Steven Smith
Unnamed Uncle,Jerry Smith
Unnamed Uncle,Beth Smith
Unnamed Uncle,Summer Smith
Unnamed Uncle,Morty Smith
Unnamed Uncle,Hemorrhage
Unnamed Uncle,Gwendolyn
Unnamed Uncle,Morty Jr.
Vampire Master,Coach Feratu
Vance Maximus,Morty Smith
Vance Maximus,Worldender
Visor Rick,Rick Sanchez
Visor Rick,Morty Smith
Visor Rick,Council of Ricks
Voltamatron,Morty Smith
Vulvorvians,Rick Sanchez
Warlord of Titan,Morty Smith
Warlord of Titan,Summer Smith
Warlord of Titan,Beth Smith
Warlord of Titan,Rick Sanchez
Warlord of Titan,Jerry Smith
Warlord of Titan,Warlord of Titan
Wasp Rick,Rick Sanchez
Wasp Rick,Mr. Goldenfold (Wasp Universe)
Wasp Rick,Hologram Rick
Water-T,Helium-Q
Water-T,Cromulons
Water-T,The President
Water-T,Rick Sanchez
Water-T,Morty Smith
Water-T,Numbericons
Wedding Bartender,Tammy Guterman
Wedding Bartender,Birdperson
Wedding Bartender,Rick Sanchez
Wedding Bartender,Morty Smith
Weird Rick,Diane Sanchez
Weird Rick,Rick Sanchez
Weird Rick,Beth Sanchez (C-137)
Weird Rick,Morty Smith
Western Morty,Council of Ricks
Western Morty,Western Rick
Western Morty,Morty Smith
Western Morty,Rick Sanchez
Western Rick,Council of Ricks
Western Rick,Western Morty
Western Rick,Rick Sanchez
Western Rick,Morty Smith
Western Rick,Salesman Rick
Western Rick,Afro Rick
Wharborgarbors,Morty Smith
Wharborgarbors,Abrodolph Lincoler
Woman Rick,Rick Sanchez
Woman Rick,Morty Smith
Woman Rick,Council of Ricks
Worldender,Vance Maximus
Worldender,Rick Sanchez
Xing Ho,Planetina
Xing Ho,Morty Smith
Xing Ho,Eddie
Yaarb,Shrimply Pibbles
Yaarb,Jerry Smith
Yellow Headed Doctor,Shrimply Pibbles
Yellow Shirt Rick,Blue Shirt Morty
Yellow Shirt Rick,Rick Sanchez
Yellow Shirt Rick,Morty Smith
Yellow Shirt Rick,Council of Ricks
Zarbadar Gloonch,Gar Gloonch
Zarbadar Gloonch,Unity
Zarbadar's Mytholog,Gar Gloonch
Zarbadar's Mytholog,Zarbadar Gloonch
Zeep Xanflorp,Rick Sanchez
Zeep Xanflorp,Chris (The Ricks Must Be Crazy)
Zeep Xanflorp,Space Cruiser
Zeep Xanflorp,Kyle
Zeep Xanflorp,Chris
Zerillians,Jerry Smith
Zeta Alpha Rick,Council of Ricks
Zeta Alpha Rick,Rick Sanchez
Zeta Alpha Rick,Rick Prime
Zeta Alpha Rick,Maximums Rickimus
Zeta Alpha Rick,Quantum Rick
Zeta Alpha Rick,Riq IV
Zeta Alpha Rick,Ricktiminus Sancheziminius
Zeta Alpha Rick,The Scientist Formerly Known as Rick
Zeta Alpha Rick,Evil Rick Sanchez
Zeta Alpha Rick,Morty Smith
Zeta Alpha Rick,SEAL Team Ricks
Jerry Smith,Beth Smith
Jerry Smith,Summer Smith
Jerry Smith,Morty Smith (Replacement Dimension)
Jerry Smith,Morty Smith
Jerry Smith,Morty Jr.
Jerry Smith,Naruto Smith
Jerry Smith,Rick Sanchez (Replacement Dimension)
Jerry Smith,Rick Sanchez
Jerry Smith,Diane Sanchez
Jerry Smith,Rick's Father
Jerry Smith,Hemorrhage
Jerry Smith,Gwendolyn
Jerry Smith,Leonard Smith
Jerry Smith,Joyce Smith
Jerry Smith,Unnamed Uncle
Jerry Smith,Sleepy Gary
Jerry Smith,Kiara
Jerry Smith,Jerry Smith (Cronenberged dimension)
Jerry Smith,Mr. Meeseeks
Jerry Smith,King Flippy Nips
Jerry Smith,Plutonian
Jerry Smith,Risotto Groupon
Jerry Smith,Tammy Guterman
Jerry Smith,Ethan
Jerry Smith,Doofus Rick
Jerry Smith,Shrimply Pibbles
